Workbook

Sheet Par
A1: θ_0 | B1: θ_0 rad | C1: α | D1: n
A2: 181.25 | B2: =A2*PI()/180 -> 3.1634093 | C2: =PI()/4 -> 0.78539816 | D2: =1.5 -> 1.5
A4: err_θ | B4: err_δ
A5: =1/(60*SQRT(12)) -> 0.0048112522 | B5: =SQRT(2)*A5 -> 0.0068041382
A6: err_λ
A7: 10

Sheet Dati
A1: lambda | B1: err_lambda | C1: θ_1 | D1: θ_2 | E1: θ_3 | F1: theta_medio | G1: theta_med_rad | H1: err_theta | I1: δ | J1: n' | K1: err_δ | L1: err_n
A2: 450 | B2: =IF(A2=589, 1, Par!$A$7) -> 10 | C2: 207.7 | D2: 207.71667 | E2: 207.7 | F2: =AVERAGE(C2:E2) -> 207.70556 | G2: =F2*PI()/180 -> 3.6251458 | H2: =MAX(Par!$A$5,(MAX(C2:E2)-MIN(C2:E2))/2/SQRT(12)) -> 0.0048112522 | I2: =ABS(G2-Par!$B$2) -> 0.46173655 | J2: =SIN((I2+Par!$C$2)/2)/SIN(Par!$C$2/2) -> 1.5258953 | K2: =SQRT(H2^2+Par!$A$5^2)*PI()/180 -> 0.00011875461 | L2: =ABS(COS((I2+Par!$C$2)/2))/(2*SIN(Par!$C$2/2))*K2 -> 0.00012595928
A3: 470 | B3: =IF(A3=589, 1, Par!$A$7) -> 10 | C3: 207.58333 | D3: 207.61667 | E3: 207.6 | F3: =AVERAGE(C3:E3) -> 207.6 | G3: =F3*PI()/180 -> 3.6233035 | H3: =MAX(Par!$A$5,(MAX(C3:E3)-MIN(C3:E3))/2/SQRT(12)) -> 0.0048112522 | I3: =ABS(G3-Par!$B$2) -> 0.45989426 | J3: =SIN((I3+Par!$C$2)/2)/SIN(Par!$C$2/2) -> 1.5239406 | K3: =SQRT(H3^2+Par!$A$5^2)*PI()/180 -> 0.00011875461 | L3: =ABS(COS((I3+Par!$C$2)/2))/(2*SIN(Par!$C$2/2))*K3 -> 0.00012604268
A4: 490 | B4: =IF(A4=589, 1, Par!$A$7) -> 10 | C4: 207.5 | D4: 207.51667 | E4: 207.51667 | F4: =AVERAGE(C4:E4) -> 207.51111 | G4: =F4*PI()/180 -> 3.6217521 | H4: =MAX(Par!$A$5,(MAX(C4:E4)-MIN(C4:E4))/2/SQRT(12)) -> 0.0048112522 | I4: =ABS(G4-Par!$B$2) -> 0.45834285 | J4: =SIN((I4+Par!$C$2)/2)/SIN(Par!$C$2/2) -> 1.5222935 | K4: =SQRT(H4^2+Par!$A$5^2)*PI()/180 -> 0.00011875461 | L4: =ABS(COS((I4+Par!$C$2)/2))/(2*SIN(Par!$C$2/2))*K4 -> 0.00012611284
A5: 510 | B5: =IF(A5=589, 1, Par!$A$7) -> 10 | C5: 207.43333 | D5: 207.43333 | E5: 207.43333 | F5: =AVERAGE(C5:E5) -> 207.43333 | G5: =F5*PI()/180 -> 3.6203946 | H5: =MAX(Par!$A$5,(MAX(C5:E5)-MIN(C5:E5))/2/SQRT(12)) -> 0.0048112522 | I5: =ABS(G5-Par!$B$2) -> 0.45698538 | J5: =SIN((I5+Par!$C$2)/2)/SIN(Par!$C$2/2) -> 1.5208516 | K5: =SQRT(H5^2+Par!$A$5^2)*PI()/180 -> 0.00011875461 | L5: =ABS(COS((I5+Par!$C$2)/2))/(2*SIN(Par!$C$2/2))*K5 -> 0.00012617416
A6: 530 | B6: =IF(A6=589, 1, Par!$A$7) -> 10 | C6: 207.35 | D6: 207.36667 | E6: 207.36667 | F6: =AVERAGE(C6:E6) -> 207.36111 | G6: =F6*PI()/180 -> 3.6191341 | H6: =MAX(Par!$A$5,(MAX(C6:E6)-MIN(C6:E6))/2/SQRT(12)) -> 0.0048112522 | I6: =ABS(G6-Par!$B$2) -> 0.45572486 | J6: =SIN((I6+Par!$C$2)/2)/SIN(Par!$C$2/2) -> 1.519512 | K6: =SQRT(H6^2+Par!$A$5^2)*PI()/180 -> 0.00011875461 | L6: =ABS(COS((I6+Par!$C$2)/2))/(2*SIN(Par!$C$2/2))*K6 -> 0.00012623105
A7: 550 | B7: =IF(A7=589, 1, Par!$A$7) -> 10 | C7: 207.31667 | D7: 207.3 | E7: 207.3 | F7: =AVERAGE(C7:E7) -> 207.30556 | G7: =F7*PI()/180 -> 3.6181645 | H7: =MAX(Par!$A$5,(MAX(C7:E7)-MIN(C7:E7))/2/SQRT(12)) -> 0.0048112522 | I7: =ABS(G7-Par!$B$2) -> 0.45475523 | J7: =SIN((I7+Par!$C$2)/2)/SIN(Par!$C$2/2) -> 1.5184812 | K7: =SQRT(H7^2+Par!$A$5^2)*PI()/180 -> 0.00011875461 | L7: =ABS(COS((I7+Par!$C$2)/2))/(2*SIN(Par!$C$2/2))*K7 -> 0.00012627478
A8: 570 | B8: =IF(A8=589, 1, Par!$A$7) -> 10 | C8: 207.23333 | D8: 207.25 | E8: 207.25 | F8: =AVERAGE(C8:E8) -> 207.24444 | G8: =F8*PI()/180 -> 3.6170979 | H8: =MAX(Par!$A$5,(MAX(C8:E8)-MIN(C8:E8))/2/SQRT(12)) -> 0.0048112522 | I8: =ABS(G8-Par!$B$2) -> 0.45368864 | J8: =SIN((I8+Par!$C$2)/2)/SIN(Par!$C$2/2) -> 1.5173468 | K8: =SQRT(H8^2+Par!$A$5^2)*PI()/180 -> 0.00011875461 | L8: =ABS(COS((I8+Par!$C$2)/2))/(2*SIN(Par!$C$2/2))*K8 -> 0.00012632284
A9: 589 | B9: =IF(A9=589, 1, Par!$A$7) -> 1 | C9: 207.2 | D9: 207.21667 | E9: 207.21667 | F9: =AVERAGE(C9:E9) -> 207.21111 | G9: =F9*PI()/180 -> 3.6165161 | H9: =MAX(Par!$A$5,(MAX(C9:E9)-MIN(C9:E9))/2/SQRT(12)) -> 0.0048112522 | I9: =ABS(G9-Par!$B$2) -> 0.45310687 | J9: =SIN((I9+Par!$C$2)/2)/SIN(Par!$C$2/2) -> 1.5167279 | K9: =SQRT(H9^2+Par!$A$5^2)*PI()/180 -> 0.00011875461 | L9: =ABS(COS((I9+Par!$C$2)/2))/(2*SIN(Par!$C$2/2))*K9 -> 0.00012634904
A10: 600 | B10: =IF(A10=589, 1, Par!$A$7) -> 10 | C10: 207.15 | D10: 207.15 | E10: 207.18333 | F10: =AVERAGE(C10:E10) -> 207.16111 | G10: =F10*PI()/180 -> 3.6156435 | H10: =MAX(Par!$A$5,(MAX(C10:E10)-MIN(C10:E10))/2/SQRT(12)) -> 0.0048112522 | I10: =ABS(G10-Par!$B$2) -> 0.4522342 | J10: =SIN((I10+Par!$C$2)/2)/SIN(Par!$C$2/2) -> 1.5157993 | K10: =SQRT(H10^2+Par!$A$5^2)*PI()/180 -> 0.00011875461 | L10: =ABS(COS((I10+Par!$C$2)/2))/(2*SIN(Par!$C$2/2))*K10 -> 0.00012638833
A11: 620 | B11: =IF(A11=589, 1, Par!$A$7) -> 10 | C11: 207.13333 | D11: 207.13333 | E11: 207.13333 | F11: =AVERAGE(C11:E11) -> 207.13333 | G11: =F11*PI()/180 -> 3.6151587 | H11: =MAX(Par!$A$5,(MAX(C11:E11)-MIN(C11:E11))/2/SQRT(12)) -> 0.0048112522 | I11: =ABS(G11-Par!$B$2) -> 0.45174939 | J11: =SIN((I11+Par!$C$2)/2)/SIN(Par!$C$2/2) -> 1.5152833 | K11: =SQRT(H11^2+Par!$A$5^2)*PI()/180 -> 0.00011875461 | L11: =ABS(COS((I11+Par!$C$2)/2))/(2*SIN(Par!$C$2/2))*K11 -> 0.00012641014
A12: 640 | B12: =IF(A12=589, 1, Par!$A$7) -> 10 | C12: 207.11667 | D12: 207.08333 | E12: 207.1 | F12: =AVERAGE(C12:E12) -> 207.1 | G12: =F12*PI()/180 -> 3.6145769 | H12: =MAX(Par!$A$5,(MAX(C12:E12)-MIN(C12:E12))/2/SQRT(12)) -> 0.0048112522 | I12: =ABS(G12-Par!$B$2) -> 0.45116761 | J12: =SIN((I12+Par!$C$2)/2)/SIN(Par!$C$2/2) -> 1.5146639 | K12: =SQRT(H12^2+Par!$A$5^2)*PI()/180 -> 0.00011875461 | L12: =ABS(COS((I12+Par!$C$2)/2))/(2*SIN(Par!$C$2/2))*K12 -> 0.00012643631
A13: 660 | B13: =IF(A13=589, 1, Par!$A$7) -> 10 | C13: 207.08333 | D13: 207.06667 | E13: 207.06667 | F13: =AVERAGE(C13:E13) -> 207.07222 | G13: =F13*PI()/180 -> 3.6140921 | H13: =MAX(Par!$A$5,(MAX(C13:E13)-MIN(C13:E13))/2/SQRT(12)) -> 0.0048112522 | I13: =ABS(G13-Par!$B$2) -> 0.4506828 | J13: =SIN((I13+Par!$C$2)/2)/SIN(Par!$C$2/2) -> 1.5141477 | K13: =SQRT(H13^2+Par!$A$5^2)*PI()/180 -> 0.00011875461 | L13: =ABS(COS((I13+Par!$C$2)/2))/(2*SIN(Par!$C$2/2))*K13 -> 0.00012645811
... A15: 700 | B15: =IF(A15=589, 1, Par!$A$7) -> 10 | C15: 207 | D15: 206.98333 | E15: 207 | F15: =AVERAGE(C15:E15) -> 206.99444 | G15: =F15*PI()/180 -> 3.6127346 | H15: =MAX(Par!$A$5,(MAX(C15:E15)-MIN(C15:E15))/2/SQRT(12)) -> 0.0048112522 | I15: =ABS(G15-Par!$B$2) -> 0.44932532 | J15: =SIN((I15+Par!$C$2)/2)/SIN(Par!$C$2/2) -> 1.5127018 | K15: =SQRT(H15^2+Par!$A$5^2)*PI()/180 -> 0.00011875461 | L15: =ABS(COS((I15+Par!$C$2)/2))/(2*SIN(Par!$C$2/2))*K15 -> 0.0001265191
