Workbook

Sheet Par
A1: θ_0 | B1: θ_0 rad | C1: α | D1: n
B2: =A2*PI()/180 -> 0 | C2: =PI()/4 -> 0.78539816 | D2: =1.5 -> 1.5
A4: err_θ | B4: err_δ
A5: =1/(60*SQRT(12)) -> 0.0048112522 | B5: =SQRT(2)*A5 -> 0.0068041382
A6: err_λ
A7: 10

Sheet Dati
A1: θ_0 | B1: θ_0 rad | C1: lambda | D1: err_lambda | E1: θ_1 | F1: θ_2 | G1: θ_3 | H1: theta_medio | I1: theta_med_rad | J1: err_theta | K1: δ | L1: n' | M1: err_δ | N1: err_n | O1: δ gradi | Q1: diff(12) | R1: diff(23) | S1: diff(13) | T1: 3 sigma
A2: =289.5 + 16/60 -> 289.76667 | B2: =A2*PI()/180 -> 5.0573824 | C2: 589 | D2: =IF(C2=589, 1, Par!$A$7) -> 1 | E2: =263.5 + 18/60 -> 263.8 | F2: =263.5 +17/60 -> 263.78333 | G2: =263.5+16/60 -> 263.76667 | H2: =AVERAGE(E2:G2) -> 263.78333 | I2: =H2*PI()/180 -> 4.6038877 | J2: =MAX(Par!$A$5,(MAX(E2:G2)-MIN(E2:G2))/2/SQRT(12)) -> 0.0048112522 | K2: =ABS(I2-B2) -> 0.45349472 | L2: =SIN((K2+Par!$C$2)/2)/SIN(Par!$C$2/2) -> 1.5171405 | M2: =SQRT(J2^2+Par!$A$5^2)*PI()/180 -> 0.00011875461 | N2: =ABS(COS((K2+Par!$C$2)/2))/(2*SIN(Par!$C$2/2))*M2 -> 0.00012633158 | O2: =K2/PI() *180 -> 25.983333 | Q2: =ABS(E3-F3) -> 0.016666667 | R2: =ABS(F3-G3) -> 0.016666667 | S2: =ABS(E3-G3) -> 0 | T2: =J2*3 -> 0.014433757
A3: =289.5 + 13/60 -> 289.71667 | B3: =A3*PI()/180 -> 5.0565097 | C3: 520 | D3: =IF(C3=589, 1, Par!$A$7) -> 10 | E3: =263.5 + 3/60 -> 263.55 | F3: =263.5 + 4/60 -> 263.56667 | G3: =263.5 + 3/60 -> 263.55 | H3: =AVERAGE(E3:G3) -> 263.55556 | I3: =H3*PI()/180 -> 4.5999122 | J3: =MAX(Par!$A$5,(MAX(E3:G3)-MIN(E3:G3))/2/SQRT(12)) -> 0.0048112522 | K3: =ABS(I3-B3) -> 0.45659752 | L3: =SIN((K3+Par!$C$2)/2)/SIN(Par!$C$2/2) -> 1.5204395 | M3: =SQRT(J3^2+Par!$A$5^2)*PI()/180 -> 0.00011875461 | N3: =ABS(COS((K3+Par!$C$2)/2))/(2*SIN(Par!$C$2/2))*M3 -> 0.00012619167 | O3: =K3/PI() *180 -> 26.161111 | Q3: =ABS(E4-F4) -> 0.033333333 | R3: =ABS(F4-G4) -> 0.016666667 | S3: =ABS(E4-G4) -> 0.016666667 | T3: =J3*3 -> 0.014433757
A4: =289.5 + 11/60 -> 289.68333 | B4: =A4*PI()/180 -> 5.055928 | C4: 508 | D4: =IF(C4=589, 1, Par!$A$7) -> 10 | E4: =263.5 -> 263.5 | F4: =263 + 28/60 -> 263.46667 | G4: =263 + 29/60 -> 263.48333 | H4: =AVERAGE(E4:G4) -> 263.48333 | I4: =H4*PI()/180 -> 4.5986517 | J4: =MAX(Par!$A$5,(MAX(E4:G4)-MIN(E4:G4))/2/SQRT(12)) -> 0.0048112522 | K4: =ABS(I4-B4) -> 0.45727626 | L4: =SIN((K4+Par!$C$2)/2)/SIN(Par!$C$2/2) -> 1.5211606 | M4: =SQRT(J4^2+Par!$A$5^2)*PI()/180 -> 0.00011875461 | N4: =ABS(COS((K4+Par!$C$2)/2))/(2*SIN(Par!$C$2/2))*M4 -> 0.00012616102 | O4: =K4/PI() *180 -> 26.2 | Q4: =ABS(E5-F5) -> 0.033333333 | R4: =ABS(F5-G5) -> 0 | S4: =ABS(E5-G5) -> 0.033333333 | T4: =J4*3 -> 0.014433757
A5: =289.5 + 13/60 -> 289.71667 | B5: =A5*PI()/180 -> 5.0565097 | C5: 535 | D5: =IF(C5=589, 1, Par!$A$7) -> 10 | E5: =263.5 + 7/60 -> 263.61667 | F5: =263.5 + 5/60 -> 263.58333 | G5: =263.5+ 5/60 -> 263.58333 | H5: =AVERAGE(E5:G5) -> 263.59444 | I5: =H5*PI()/180 -> 4.6005909 | J5: =MAX(Par!$A$5,(MAX(E5:G5)-MIN(E5:G5))/2/SQRT(12)) -> 0.0048112522 | K5: =ABS(I5-B5) -> 0.45591879 | L5: =SIN((K5+Par!$C$2)/2)/SIN(Par!$C$2/2) -> 1.5197181 | M5: =SQRT(J5^2+Par!$A$5^2)*PI()/180 -> 0.00011875461 | N5: =ABS(COS((K5+Par!$C$2)/2))/(2*SIN(Par!$C$2/2))*M5 -> 0.0001262223 | O5: =K5/PI() *180 -> 26.122222 | Q5: =ABS(E6-F6) -> 263.36667 | R5: =ABS(F6-G6) -> 0 | S5: =ABS(E6-G6) -> 263.36667 | T5: =J5*3 -> 0.014433757
A6: =289.5+11/60 -> 289.68333 | B6: =A6*PI()/180 -> 5.055928 | C6: 470 | D6: =IF(C6=589, 1, Par!$A$7) -> 10 | E6: =263+22/60 -> 263.36667 | H6: =AVERAGE(E6:G6) -> 263.36667 | I6: =H6*PI()/180 -> 4.5966155 | J6: =MAX(Par!$A$5,(MAX(E6:G6)-MIN(E6:G6))/2/SQRT(12)) -> 0.0048112522 | K6: =ABS(I6-B6) -> 0.45931248 | L6: =SIN((K6+Par!$C$2)/2)/SIN(Par!$C$2/2) -> 1.523323 | M6: =SQRT(J6^2+Par!$A$5^2)*PI()/180 -> 0.00011875461 | N6: =ABS(COS((K6+Par!$C$2)/2))/(2*SIN(Par!$C$2/2))*M6 -> 0.000126069 | O6: =K6/PI() *180 -> 26.316667 | Q6: =ABS(E7-F7) -> 0 | R6: =ABS(F7-G7) -> 0 | S6: =ABS(E7-G7) -> 0 | T6: =J6*3 -> 0.014433757
B7: =A7*PI()/180 -> 0 | D7: =IF(C7=589, 1, Par!$A$7) -> 10 | H7: =AVERAGE(E7:G7) -> #DIV/0! | I7: =H7*PI()/180 -> #DIV/0! | J7: =MAX(Par!$A$5,(MAX(E7:G7)-MIN(E7:G7))/2/SQRT(12)) -> 0.0048112522 | K7: =ABS(I7-B7) -> #DIV/0! | L7: =SIN((K7+Par!$C$2)/2)/SIN(Par!$C$2/2) -> #DIV/0! | M7: =SQRT(J7^2+Par!$A$5^2)*PI()/180 -> 0.00011875461 | N7: =ABS(COS((K7+Par!$C$2)/2))/(2*SIN(Par!$C$2/2))*M7 -> #DIV/0! | O7: =K7/PI() *180 -> #DIV/0! | Q7: =ABS(E8-F8) -> 0 | R7: =ABS(F8-G8) -> 0 | S7: =ABS(E8-G8) -> 0 | T7: =J7*3 -> 0.014433757
B8: =A8*PI()/180 -> 0 | D8: =IF(C8=589, 1, Par!$A$7) -> 10 | H8: =AVERAGE(E8:G8) -> #DIV/0! | I8: =H8*PI()/180 -> #DIV/0! | J8: =MAX(Par!$A$5,(MAX(E8:G8)-MIN(E8:G8))/2/SQRT(12)) -> 0.0048112522 | K8: =ABS(I8-B8) -> #DIV/0! | L8: =SIN((K8+Par!$C$2)/2)/SIN(Par!$C$2/2) -> #DIV/0! | M8: =SQRT(J8^2+Par!$A$5^2)*PI()/180 -> 0.00011875461 | N8: =ABS(COS((K8+Par!$C$2)/2))/(2*SIN(Par!$C$2/2))*M8 -> #DIV/0! | O8: =K8/PI() *180 -> #DIV/0! | Q8: =ABS(E9-F9) -> 0 | R8: =ABS(F9-G9) -> 0 | S8: =ABS(E9-G9) -> 0 | T8: =J8*3 -> 0.014433757
B9: =A9*PI()/180 -> 0 | D9: =IF(C9=589, 1, Par!$A$7) -> 10 | H9: =AVERAGE(E9:G9) -> #DIV/0! | I9: =H9*PI()/180 -> #DIV/0! | J9: =MAX(Par!$A$5,(MAX(E9:G9)-MIN(E9:G9))/2/SQRT(12)) -> 0.0048112522 | K9: =ABS(I9-B9) -> #DIV/0! | L9: =SIN((K9+Par!$C$2)/2)/SIN(Par!$C$2/2) -> #DIV/0! | M9: =SQRT(J9^2+Par!$A$5^2)*PI()/180 -> 0.00011875461 | N9: =ABS(COS((K9+Par!$C$2)/2))/(2*SIN(Par!$C$2/2))*M9 -> #DIV/0! | O9: =K9/PI() *180 -> #DIV/0! | Q9: =ABS(E10-F10) -> 0 | R9: =ABS(F10-G10) -> 0 | S9: =ABS(E10-G10) -> 0 | T9: =J9*3 -> 0.014433757
B10: =A10*PI()/180 -> 0 | D10: =IF(C10=589, 1, Par!$A$7) -> 10 | H10: =AVERAGE(E10:G10) -> #DIV/0! | I10: =H10*PI()/180 -> #DIV/0! | J10: =MAX(Par!$A$5,(MAX(E10:G10)-MIN(E10:G10))/2/SQRT(12)) -> 0.0048112522 | K10: =ABS(I10-B10) -> #DIV/0! | L10: =SIN((K10+Par!$C$2)/2)/SIN(Par!$C$2/2) -> #DIV/0! | M10: =SQRT(J10^2+Par!$A$5^2)*PI()/180 -> 0.00011875461 | N10: =ABS(COS((K10+Par!$C$2)/2))/(2*SIN(Par!$C$2/2))*M10 -> #DIV/0! | O10: =K10/PI() *180 -> #DIV/0! | Q10: =ABS(E11-F11) -> 0 | R10: =ABS(F11-G11) -> 0 | S10: =ABS(E11-G11) -> 0 | T10: =J10*3 -> 0.014433757
B11: =A11*PI()/180 -> 0 | D11: =IF(C11=589, 1, Par!$A$7) -> 10 | H11: =AVERAGE(E11:G11) -> #DIV/0! | I11: =H11*PI()/180 -> #DIV/0! | J11: =MAX(Par!$A$5,(MAX(E11:G11)-MIN(E11:G11))/2/SQRT(12)) -> 0.0048112522 | K11: =ABS(I11-B11) -> #DIV/0! | L11: =SIN((K11+Par!$C$2)/2)/SIN(Par!$C$2/2) -> #DIV/0! | M11: =SQRT(J11^2+Par!$A$5^2)*PI()/180 -> 0.00011875461 | N11: =ABS(COS((K11+Par!$C$2)/2))/(2*SIN(Par!$C$2/2))*M11 -> #DIV/0! | O11: =K11/PI() *180 -> #DIV/0! | Q11: =ABS(E12-F12) -> 0 | R11: =ABS(F12-G12) -> 0 | S11: =ABS(E12-G12) -> 0 | T11: =J11*3 -> 0.014433757
B12: =A12*PI()/180 -> 0 | D12: =IF(C12=589, 1, Par!$A$7) -> 10 | H12: =AVERAGE(E12:G12) -> #DIV/0! | I12: =H12*PI()/180 -> #DIV/0! | J12: =MAX(Par!$A$5,(MAX(E12:G12)-MIN(E12:G12))/2/SQRT(12)) -> 0.0048112522 | K12: =ABS(I12-B12) -> #DIV/0! | L12: =SIN((K12+Par!$C$2)/2)/SIN(Par!$C$2/2) -> #DIV/0! | M12: =SQRT(J12^2+Par!$A$5^2)*PI()/180 -> 0.00011875461 | N12: =ABS(COS((K12+Par!$C$2)/2))/(2*SIN(Par!$C$2/2))*M12 -> #DIV/0! | O12: =K12/PI() *180 -> #DIV/0! | Q12: =ABS(E13-F13) -> 0 | R12: =ABS(F13-G13) -> 0 | S12: =ABS(E13-G13) -> 0 | T12: =J12*3 -> 0.014433757
B13: =A13*PI()/180 -> 0 | D13: =IF(C13=589, 1, Par!$A$7) -> 10 | H13: =AVERAGE(E13:G13) -> #DIV/0! | I13: =H13*PI()/180 -> #DIV/0! | J13: =MAX(Par!$A$5,(MAX(E13:G13)-MIN(E13:G13))/2/SQRT(12)) -> 0.0048112522 | K13: =ABS(I13-B13) -> #DIV/0! | L13: =SIN((K13+Par!$C$2)/2)/SIN(Par!$C$2/2) -> #DIV/0! | M13: =SQRT(J13^2+Par!$A$5^2)*PI()/180 -> 0.00011875461 | N13: =ABS(COS((K13+Par!$C$2)/2))/(2*SIN(Par!$C$2/2))*M13 -> #DIV/0! | O13: =K13/PI() *180 -> #DIV/0! | Q13: =ABS(E14-F14) -> 0 | R13: =ABS(F14-G14) -> 0 | S13: =ABS(E14-G14) -> 0 | T13: =J13*3 -> 0.014433757
B14: =A14*PI()/180 -> 0 | D14: =IF(C14=589, 1, Par!$A$7) -> 10 | H14: =AVERAGE(E14:G14) -> #DIV/0! | I14: =H14*PI()/180 -> #DIV/0! | J14: =MAX(Par!$A$5,(MAX(E14:G14)-MIN(E14:G14))/2/SQRT(12)) -> 0.0048112522 | K14: =ABS(I14-B14) -> #DIV/0! | L14: =SIN((K14+Par!$C$2)/2)/SIN(Par!$C$2/2) -> #DIV/0! | M14: =SQRT(J14^2+Par!$A$5^2)*PI()/180 -> 0.00011875461 | N14: =ABS(COS((K14+Par!$C$2)/2))/(2*SIN(Par!$C$2/2))*M14 -> #DIV/0! | O14: =K14/PI() *180 -> #DIV/0! | Q14: =ABS(E15-F15) -> 0 | R14: =ABS(F15-G15) -> 0 | S14: =ABS(E15-G15) -> 0 | T14: =J14*3 -> 0.014433757
B15: =A15*PI()/180 -> 0 | D15: =IF(C15=589, 1, Par!$A$7) -> 10 | H15: =AVERAGE(E15:G15) -> #DIV/0! | I15: =H15*PI()/180 -> #DIV/0! | J15: =MAX(Par!$A$5,(MAX(E15:G15)-MIN(E15:G15))/2/SQRT(12)) -> 0.0048112522 | K15: =ABS(I15-B15) -> #DIV/0! | L15: =SIN((K15+Par!$C$2)/2)/SIN(Par!$C$2/2) -> #DIV/0! | M15: =SQRT(J15^2+Par!$A$5^2)*PI()/180 -> 0.00011875461 | N15: =ABS(COS((K15+Par!$C$2)/2))/(2*SIN(Par!$C$2/2))*M15 -> #DIV/0! | O15: =K15/PI() *180 -> #DIV/0! | Q15: =ABS(E16-F16) -> 0 | R15: =ABS(F16-G16) -> 0 | S15: =ABS(E16-G16) -> 0 | T15: =J15*3 -> 0.014433757
B16: =A16*PI()/180 -> 0 | D16: =IF(C16=589, 1, Par!$A$7) -> 10 | H16: =AVERAGE(E16:G16) -> #DIV/0! | I16: =H16*PI()/180 -> #DIV/0! | J16: =MAX(Par!$A$5,(MAX(E16:G16)-MIN(E16:G16))/2/SQRT(12)) -> 0.0048112522 | K16: =ABS(I16-B16) -> #DIV/0! | L16: =SIN((K16+Par!$C$2)/2)/SIN(Par!$C$2/2) -> #DIV/0! | M16: =SQRT(J16^2+Par!$A$5^2)*PI()/180 -> 0.00011875461 | N16: =ABS(COS((K16+Par!$C$2)/2))/(2*SIN(Par!$C$2/2))*M16 -> #DIV/0! | O16: =K16/PI() *180 -> #DIV/0! | Q16: =ABS(E17-F17) -> 0 | R16: =ABS(F17-G17) -> 0 | S16: =ABS(E17-G17) -> 0 | T16: =J16*3 -> 0.014433757
