Workbook

Sheet Parametri
A1: L | B1: err_L | C1: sigma_L
A2: 104 | B2: =1/20 -> 0.05 | C2: =B5/SQRT(3) -> 0.028867513
A4: D | B4: err_D | C4: sigma_D
A5: 17 | B5: =1/20 -> 0.05 | C5: =B5/SQRT(3) -> 0.028867513
A7: y_0 | B7: err_y0 | C7: sigma_y0 | D7: sigma_y
A8: 237 | B8: 0.2 | C8: =B8/SQRT(3) -> 0.11547005 | D8: =B8/SQRT(3) -> 0.11547005
A10: x_0 | B10: err_x0 | C10: sigma_x0 | D10: sigma_x
A11: 131 | B11: 0.2 | C11: =B11/SQRT(3) -> 0.11547005 | D11: =B11/SQRT(3) -> 0.11547005

Sheet Dati
A1: x | B1: y_min | C1: y_max | D1: y | E1: sigma_y | F1: p | G1: q | H1: sigma_p | I1: sigma_q
A2: 251 | B2: 1802 | C2: 1841 | D2: =IF(C2=0, B2, GEOMEAN(B2:C2)) -> 1821.3956 | E2: =MAX(Parametri!$D$8, ABS(B2-C2)/(2*SQRT(3))) -> 11.25833 | F2: =(A2-Parametri!$A$11)+Parametri!$A$2+(Parametri!$A$5/2) -> 232.5 | G2: =(D2-Parametri!$A$8)-(A2-Parametri!$A$11)+Parametri!$A$2 -> 1568.3956 | H2: =E2 -> 11.25833 | I2: =Parametri!$D$8 -> 0.11547005 | K2: =C2-B2 -> 39 | L2: FONTE DI ERRORE | U2: 0 | V2: 0
A3: =A2+1 -> 252 | B3: 1719 | C3: 1836 | D3: =IF(C3=0, B3, GEOMEAN(B3:C3)) -> 1776.5371 | E3: =MAX(Parametri!$D$8, ABS(B3-C3)/(2*SQRT(3))) -> 33.774991 | F3: =(A3-Parametri!$A$11)+Parametri!$A$2+(Parametri!$A$5/2) -> 233.5 | G3: =(D3-Parametri!$A$8)-(A3-Parametri!$A$11)+Parametri!$A$2 -> 1522.5371 | H3: =E3 -> 33.774991 | I3: =Parametri!$D$8 -> 0.11547005 | K3: =C3-B3 -> 117 | L3: modifica messa a fuoco fonte di errore dovuta al generatore | U3: 2000 | V3: 2000
A4: =A3+1 -> 253 | B4: 1690 | C4: 1853 | D4: =IF(C4=0, B4, GEOMEAN(B4:C4)) -> 1769.6243 | E4: =MAX(Parametri!$D$8, ABS(B4-C4)/(2*SQRT(3))) -> 47.054047 | F4: =(A4-Parametri!$A$11)+Parametri!$A$2+(Parametri!$A$5/2) -> 234.5 | G4: =(D4-Parametri!$A$8)-(A4-Parametri!$A$11)+Parametri!$A$2 -> 1514.6243 | H4: =E4 -> 47.054047 | I4: =Parametri!$D$8 -> 0.11547005 | K4: =C4-B4 -> 163
A5: =A4+1 -> 254 | B5: 1630 | C5: 1782 | D5: =IF(C5=0, B5, GEOMEAN(B5:C5)) -> 1704.3063 | E5: =MAX(Parametri!$D$8, ABS(B5-C5)/(2*SQRT(3))) -> 43.87862 | F5: =(A5-Parametri!$A$11)+Parametri!$A$2+(Parametri!$A$5/2) -> 235.5 | G5: =(D5-Parametri!$A$8)-(A5-Parametri!$A$11)+Parametri!$A$2 -> 1448.3063 | H5: =E5 -> 43.87862 | I5: =Parametri!$D$8 -> 0.11547005 | K5: =C5-B5 -> 152
A6: =A5+1 -> 255 | B6: 1605 | C6: 1745 | D6: =IF(C6=0, B6, GEOMEAN(B6:C6)) -> 1673.5367 | E6: =MAX(Parametri!$D$8, ABS(B6-C6)/(2*SQRT(3))) -> 40.414519 | F6: =(A6-Parametri!$A$11)+Parametri!$A$2+(Parametri!$A$5/2) -> 236.5 | G6: =(D6-Parametri!$A$8)-(A6-Parametri!$A$11)+Parametri!$A$2 -> 1416.5367 | H6: =E6 -> 40.414519 | I6: =Parametri!$D$8 -> 0.11547005 | K6: =C6-B6 -> 140
A7: =A6+1 -> 256 | B7: 1574 | C7: 1710 | D7: =IF(C7=0, B7, GEOMEAN(B7:C7)) -> 1640.5914 | E7: =MAX(Parametri!$D$8, ABS(B7-C7)/(2*SQRT(3))) -> 39.259818 | F7: =(A7-Parametri!$A$11)+Parametri!$A$2+(Parametri!$A$5/2) -> 237.5 | G7: =(D7-Parametri!$A$8)-(A7-Parametri!$A$11)+Parametri!$A$2 -> 1382.5914 | H7: =E7 -> 39.259818 | I7: =Parametri!$D$8 -> 0.11547005 | K7: =C7-B7 -> 136
A8: =A7+1 -> 257 | B8: 1546 | C8: 1679 | D8: =IF(C8=0, B8, GEOMEAN(B8:C8)) -> 1611.1282 | E8: =MAX(Parametri!$D$8, ABS(B8-C8)/(2*SQRT(3))) -> 38.393793 | F8: =(A8-Parametri!$A$11)+Parametri!$A$2+(Parametri!$A$5/2) -> 238.5 | G8: =(D8-Parametri!$A$8)-(A8-Parametri!$A$11)+Parametri!$A$2 -> 1352.1282 | H8: =E8 -> 38.393793 | I8: =Parametri!$D$8 -> 0.11547005 | K8: =C8-B8 -> 133
A9: =A8+1 -> 258 | B9: 1525 | C9: 1629 | D9: =IF(C9=0, B9, GEOMEAN(B9:C9)) -> 1576.1424 | E9: =MAX(Parametri!$D$8, ABS(B9-C9)/(2*SQRT(3))) -> 30.022214 | F9: =(A9-Parametri!$A$11)+Parametri!$A$2+(Parametri!$A$5/2) -> 239.5 | G9: =(D9-Parametri!$A$8)-(A9-Parametri!$A$11)+Parametri!$A$2 -> 1316.1424 | H9: =E9 -> 30.022214 | I9: =Parametri!$D$8 -> 0.11547005 | K9: =C9-B9 -> 104
A10: =A9+1 -> 259 | B10: 1505 | C10: 1603 | D10: =IF(C10=0, B10, GEOMEAN(B10:C10)) -> 1553.2273 | E10: =MAX(Parametri!$D$8, ABS(B10-C10)/(2*SQRT(3))) -> 28.290163 | F10: =(A10-Parametri!$A$11)+Parametri!$A$2+(Parametri!$A$5/2) -> 240.5 | G10: =(D10-Parametri!$A$8)-(A10-Parametri!$A$11)+Parametri!$A$2 -> 1292.2273 | H10: =E10 -> 28.290163 | I10: =Parametri!$D$8 -> 0.11547005 | K10: =C10-B10 -> 98
A11: =A10+1 -> 260 | B11: 1467 | C11: 1572 | D11: =IF(C11=0, B11, GEOMEAN(B11:C11)) -> 1518.5928 | E11: =MAX(Parametri!$D$8, ABS(B11-C11)/(2*SQRT(3))) -> 30.310889 | F11: =(A11-Parametri!$A$11)+Parametri!$A$2+(Parametri!$A$5/2) -> 241.5 | G11: =(D11-Parametri!$A$8)-(A11-Parametri!$A$11)+Parametri!$A$2 -> 1256.5928 | H11: =E11 -> 30.310889 | I11: =Parametri!$D$8 -> 0.11547005 | K11: =C11-B11 -> 105
A12: =A11+1 -> 261 | B12: 1452 | C12: 1534 | D12: =IF(C12=0, B12, GEOMEAN(B12:C12)) -> 1492.4369 | E12: =MAX(Parametri!$D$8, ABS(B12-C12)/(2*SQRT(3))) -> 23.671361 | F12: =(A12-Parametri!$A$11)+Parametri!$A$2+(Parametri!$A$5/2) -> 242.5 | G12: =(D12-Parametri!$A$8)-(A12-Parametri!$A$11)+Parametri!$A$2 -> 1229.4369 | H12: =E12 -> 23.671361 | I12: =Parametri!$D$8 -> 0.11547005 | K12: =C12-B12 -> 82
A13: =A12+1 -> 262 | B13: 1442 | C13: 1520 | D13: =IF(C13=0, B13, GEOMEAN(B13:C13)) -> 1480.4864 | E13: =MAX(Parametri!$D$8, ABS(B13-C13)/(2*SQRT(3))) -> 22.51666 | F13: =(A13-Parametri!$A$11)+Parametri!$A$2+(Parametri!$A$5/2) -> 243.5 | G13: =(D13-Parametri!$A$8)-(A13-Parametri!$A$11)+Parametri!$A$2 -> 1216.4864 | H13: =E13 -> 22.51666 | I13: =Parametri!$D$8 -> 0.11547005 | K13: =C13-B13 -> 78
A14: =A13+1 -> 263 | B14: 1402 | C14: 1485 | D14: =IF(C14=0, B14, GEOMEAN(B14:C14)) -> 1442.9033 | E14: =MAX(Parametri!$D$8, ABS(B14-C14)/(2*SQRT(3))) -> 23.960036 | F14: =(A14-Parametri!$A$11)+Parametri!$A$2+(Parametri!$A$5/2) -> 244.5 | G14: =(D14-Parametri!$A$8)-(A14-Parametri!$A$11)+Parametri!$A$2 -> 1177.9033 | H14: =E14 -> 23.960036 | I14: =Parametri!$D$8 -> 0.11547005 | K14: =C14-B14 -> 83
A15: =A14+1 -> 264 | B15: 1391 | C15: 1462 | D15: =IF(C15=0, B15, GEOMEAN(B15:C15)) -> 1426.0582 | E15: =MAX(Parametri!$D$8, ABS(B15-C15)/(2*SQRT(3))) -> 20.495935 | F15: =(A15-Parametri!$A$11)+Parametri!$A$2+(Parametri!$A$5/2) -> 245.5 | G15: =(D15-Parametri!$A$8)-(A15-Parametri!$A$11)+Parametri!$A$2 -> 1160.0582 | H15: =E15 -> 20.495935 | I15: =Parametri!$D$8 -> 0.11547005 | K15: =C15-B15 -> 71
... A35: =A34+1 -> 284 | B35: 1122 | C35: 1163 | D35: =IF(C35=0, B35, GEOMEAN(B35:C35)) -> 1142.3161 | E35: =MAX(Parametri!$D$8, ABS(B35-C35)/(2*SQRT(3))) -> 11.835681 | F35: =(A35-Parametri!$A$11)+Parametri!$A$2+(Parametri!$A$5/2) -> 265.5 | G35: =(D35-Parametri!$A$8)-(A35-Parametri!$A$11)+Parametri!$A$2 -> 856.31607 | H35: =E35 -> 11.835681 | I35: =Parametri!$D$8 -> 0.11547005 | K35: =C35-B35 -> 41
A36: =A35+2 -> 286 | B36: 1110 | C36: 1138 | D36: =IF(C36=0, B36, GEOMEAN(B36:C36)) -> 1123.9128 | E36: =MAX(Parametri!$D$8, ABS(B36-C36)/(2*SQRT(3))) -> 8.0829038 | F36: =(A36-Parametri!$A$11)+Parametri!$A$2+(Parametri!$A$5/2) -> 267.5 | G36: =(D36-Parametri!$A$8)-(A36-Parametri!$A$11)+Parametri!$A$2 -> 835.91281 | H36: =E36 -> 8.0829038 | I36: =Parametri!$D$8 -> 0.11547005 | K36: =C36-B36 -> 28
A37: =A36+2 -> 288 | B37: 1094 | C37: 1121 | D37: =IF(C37=0, B37, GEOMEAN(B37:C37)) -> 1107.4177 | E37: =MAX(Parametri!$D$8, ABS(B37-C37)/(2*SQRT(3))) -> 7.7942286 | F37: =(A37-Parametri!$A$11)+Parametri!$A$2+(Parametri!$A$5/2) -> 269.5 | G37: =(D37-Parametri!$A$8)-(A37-Parametri!$A$11)+Parametri!$A$2 -> 817.41772 | H37: =E37 -> 7.7942286 | I37: =Parametri!$D$8 -> 0.11547005 | K37: =C37-B37 -> 27
A38: =A37+2 -> 290 | B38: 1076 | C38: 1107 | D38: =IF(C38=0, B38, GEOMEAN(B38:C38)) -> 1091.3899 | E38: =MAX(Parametri!$D$8, ABS(B38-C38)/(2*SQRT(3))) -> 8.9489292 | F38: =(A38-Parametri!$A$11)+Parametri!$A$2+(Parametri!$A$5/2) -> 271.5 | G38: =(D38-Parametri!$A$8)-(A38-Parametri!$A$11)+Parametri!$A$2 -> 799.38994 | H38: =E38 -> 8.9489292 | I38: =Parametri!$D$8 -> 0.11547005 | K38: =C38-B38 -> 31
A39: =A38+2 -> 292 | B39: 1064 | C39: 1092 | D39: =IF(C39=0, B39, GEOMEAN(B39:C39)) -> 1077.9091 | E39: =MAX(Parametri!$D$8, ABS(B39-C39)/(2*SQRT(3))) -> 8.0829038 | F39: =(A39-Parametri!$A$11)+Parametri!$A$2+(Parametri!$A$5/2) -> 273.5 | G39: =(D39-Parametri!$A$8)-(A39-Parametri!$A$11)+Parametri!$A$2 -> 783.90909 | H39: =E39 -> 8.0829038 | I39: =Parametri!$D$8 -> 0.11547005 | K39: =C39-B39 -> 28
A40: =A39+2 -> 294 | B40: 1048 | C40: 1079 | D40: =IF(C40=0, B40, GEOMEAN(B40:C40)) -> 1063.387 | E40: =MAX(Parametri!$D$8, ABS(B40-C40)/(2*SQRT(3))) -> 8.9489292 | F40: =(A40-Parametri!$A$11)+Parametri!$A$2+(Parametri!$A$5/2) -> 275.5 | G40: =(D40-Parametri!$A$8)-(A40-Parametri!$A$11)+Parametri!$A$2 -> 767.38704 | H40: =E40 -> 8.9489292 | I40: =Parametri!$D$8 -> 0.11547005 | K40: =C40-B40 -> 31
A41: =A40+2 -> 296 | B41: 1041 | C41: 1064 | D41: =IF(C41=0, B41, GEOMEAN(B41:C41)) -> 1052.4372 | E41: =MAX(Parametri!$D$8, ABS(B41-C41)/(2*SQRT(3))) -> 6.6395281 | F41: =(A41-Parametri!$A$11)+Parametri!$A$2+(Parametri!$A$5/2) -> 277.5 | G41: =(D41-Parametri!$A$8)-(A41-Parametri!$A$11)+Parametri!$A$2 -> 754.43717 | H41: =E41 -> 6.6395281 | I41: =Parametri!$D$8 -> 0.11547005 | K41: =C41-B41 -> 23
A42: =A41+3 -> 299 | B42: 1015 | C42: 1047 | D42: =IF(C42=0, B42, GEOMEAN(B42:C42)) -> 1030.8758 | E42: =MAX(Parametri!$D$8, ABS(B42-C42)/(2*SQRT(3))) -> 9.2376043 | F42: =(A42-Parametri!$A$11)+Parametri!$A$2+(Parametri!$A$5/2) -> 280.5 | G42: =(D42-Parametri!$A$8)-(A42-Parametri!$A$11)+Parametri!$A$2 -> 729.87584 | H42: =E42 -> 9.2376043 | I42: =Parametri!$D$8 -> 0.11547005 | K42: =C42-B42 -> 32
A43: =A42+1 -> 300 | B43: 1011 | C43: 1044 | D43: =IF(C43=0, B43, GEOMEAN(B43:C43)) -> 1027.3675 | E43: =MAX(Parametri!$D$8, ABS(B43-C43)/(2*SQRT(3))) -> 9.5262794 | F43: =(A43-Parametri!$A$11)+Parametri!$A$2+(Parametri!$A$5/2) -> 281.5 | G43: =(D43-Parametri!$A$8)-(A43-Parametri!$A$11)+Parametri!$A$2 -> 725.36751 | H43: =E43 -> 9.5262794 | I43: =Parametri!$D$8 -> 0.11547005 | K43: =C43-B43 -> 33
A44: =A43+1 -> 301 | B44: 1005 | C44: 1037 | D44: =IF(C44=0, B44, GEOMEAN(B44:C44)) -> 1020.8746 | E44: =MAX(Parametri!$D$8, ABS(B44-C44)/(2*SQRT(3))) -> 9.2376043 | F44: =(A44-Parametri!$A$11)+Parametri!$A$2+(Parametri!$A$5/2) -> 282.5 | G44: =(D44-Parametri!$A$8)-(A44-Parametri!$A$11)+Parametri!$A$2 -> 717.87463 | H44: =E44 -> 9.2376043 | I44: =Parametri!$D$8 -> 0.11547005 | K44: =C44-B44 -> 32
A45: =A44+1 -> 302 | B45: 1001 | C45: 1020 | D45: =IF(C45=0, B45, GEOMEAN(B45:C45)) -> 1010.4553 | E45: =MAX(Parametri!$D$8, ABS(B45-C45)/(2*SQRT(3))) -> 5.4848276 | F45: =(A45-Parametri!$A$11)+Parametri!$A$2+(Parametri!$A$5/2) -> 283.5 | G45: =(D45-Parametri!$A$8)-(A45-Parametri!$A$11)+Parametri!$A$2 -> 706.45534 | H45: =E45 -> 5.4848276 | I45: =Parametri!$D$8 -> 0.11547005 | K45: =C45-B45 -> 19
A46: =A45+1 -> 303 | B46: 992 | C46: 1015 | D46: =IF(C46=0, B46, GEOMEAN(B46:C46)) -> 1003.4341 | E46: =MAX(Parametri!$D$8, ABS(B46-C46)/(2*SQRT(3))) -> 6.6395281 | F46: =(A46-Parametri!$A$11)+Parametri!$A$2+(Parametri!$A$5/2) -> 284.5 | G46: =(D46-Parametri!$A$8)-(A46-Parametri!$A$11)+Parametri!$A$2 -> 698.4341 | H46: =E46 -> 6.6395281 | I46: =Parametri!$D$8 -> 0.11547005 | K46: =C46-B46 -> 23 | L46: elimina
A47: =A46+1 -> 304 | B47: 992 | C47: 1015 | D47: =IF(C47=0, B47, GEOMEAN(B47:C47)) -> 1003.4341 | E47: =MAX(Parametri!$D$8, ABS(B47-C47)/(2*SQRT(3))) -> 6.6395281 | F47: =(A47-Parametri!$A$11)+Parametri!$A$2+(Parametri!$A$5/2) -> 285.5 | G47: =(D47-Parametri!$A$8)-(A47-Parametri!$A$11)+Parametri!$A$2 -> 697.4341 | H47: =E47 -> 6.6395281 | I47: =Parametri!$D$8 -> 0.11547005 | K47: =C47-B47 -> 23
A48: =A47+1 -> 305 | B48: 986 | C48: 1006 | D48: =IF(C48=0, B48, GEOMEAN(B48:C48)) -> 995.9498 | E48: =MAX(Parametri!$D$8, ABS(B48-C48)/(2*SQRT(3))) -> 5.7735027 | F48: =(A48-Parametri!$A$11)+Parametri!$A$2+(Parametri!$A$5/2) -> 286.5 | G48: =(D48-Parametri!$A$8)-(A48-Parametri!$A$11)+Parametri!$A$2 -> 688.9498 | H48: =E48 -> 5.7735027 | I48: =Parametri!$D$8 -> 0.11547005 | K48: =C48-B48 -> 20
A49: =A48+1 -> 306 | B49: 985 | C49: 1000 | D49: =IF(C49=0, B49, GEOMEAN(B49:C49)) -> 992.47166 | E49: =MAX(Parametri!$D$8, ABS(B49-C49)/(2*SQRT(3))) -> 4.330127 | F49: =(A49-Parametri!$A$11)+Parametri!$A$2+(Parametri!$A$5/2) -> 287.5 | G49: =(D49-Parametri!$A$8)-(A49-Parametri!$A$11)+Parametri!$A$2 -> 684.47166 | H49: =E49 -> 4.330127 | I49: =Parametri!$D$8 -> 0.11547005 | K49: =C49-B49 -> 15
A50: =A49+1 -> 307 | B50: 981 | C50: 999 | D50: =IF(C50=0, B50, GEOMEAN(B50:C50)) -> 989.95909 | E50: =MAX(Parametri!$D$8, ABS(B50-C50)/(2*SQRT(3))) -> 5.1961524 | F50: =(A50-Parametri!$A$11)+Parametri!$A$2+(Parametri!$A$5/2) -> 288.5 | G50: =(D50-Parametri!$A$8)-(A50-Parametri!$A$11)+Parametri!$A$2 -> 680.95909 | H50: =E50 -> 5.1961524 | I50: =Parametri!$D$8 -> 0.11547005 | K50: =C50-B50 -> 18
A51: =A50+1 -> 308 | B51: 975 | C51: 992 | D51: =IF(C51=0, B51, GEOMEAN(B51:C51)) -> 983.46327 | E51: =MAX(Parametri!$D$8, ABS(B51-C51)/(2*SQRT(3))) -> 4.9074773 | F51: =(A51-Parametri!$A$11)+Parametri!$A$2+(Parametri!$A$5/2) -> 289.5 | G51: =(D51-Parametri!$A$8)-(A51-Parametri!$A$11)+Parametri!$A$2 -> 673.46327 | H51: =E51 -> 4.9074773 | I51: =Parametri!$D$8 -> 0.11547005 | K51: =C51-B51 -> 17
A52: =A51+1 -> 309 | B52: 971 | C52: 988 | D52: =IF(C52=0, B52, GEOMEAN(B52:C52)) -> 979.46312 | E52: =MAX(Parametri!$D$8, ABS(B52-C52)/(2*SQRT(3))) -> 4.9074773 | F52: =(A52-Parametri!$A$11)+Parametri!$A$2+(Parametri!$A$5/2) -> 290.5 | G52: =(D52-Parametri!$A$8)-(A52-Parametri!$A$11)+Parametri!$A$2 -> 668.46312 | H52: =E52 -> 4.9074773 | I52: =Parametri!$D$8 -> 0.11547005 | K52: =C52-B52 -> 17
A53: =A52+1 -> 310 | B53: 968 | C53: 987 | D53: =IF(C53=0, B53, GEOMEAN(B53:C53)) -> 977.45384 | E53: =MAX(Parametri!$D$8, ABS(B53-C53)/(2*SQRT(3))) -> 5.4848276 | F53: =(A53-Parametri!$A$11)+Parametri!$A$2+(Parametri!$A$5/2) -> 291.5 | G53: =(D53-Parametri!$A$8)-(A53-Parametri!$A$11)+Parametri!$A$2 -> 665.45384 | H53: =E53 -> 5.4848276 | I53: =Parametri!$D$8 -> 0.11547005 | K53: =C53-B53 -> 19
A54: =A53+1 -> 311 | B54: 965 | C54: 974 | D54: =IF(C54=0, B54, GEOMEAN(B54:C54)) -> 969.48956 | E54: =MAX(Parametri!$D$8, ABS(B54-C54)/(2*SQRT(3))) -> 2.5980762 | F54: =(A54-Parametri!$A$11)+Parametri!$A$2+(Parametri!$A$5/2) -> 292.5 | G54: =(D54-Parametri!$A$8)-(A54-Parametri!$A$11)+Parametri!$A$2 -> 656.48956 | H54: =E54 -> 2.5980762 | I54: =Parametri!$D$8 -> 0.11547005 | K54: =C54-B54 -> 9
A55: =A54+1 -> 312 | B55: 960 | C55: 976 | D55: =IF(C55=0, B55, GEOMEAN(B55:C55)) -> 967.96694 | E55: =MAX(Parametri!$D$8, ABS(B55-C55)/(2*SQRT(3))) -> 4.6188022 | F55: =(A55-Parametri!$A$11)+Parametri!$A$2+(Parametri!$A$5/2) -> 293.5 | G55: =(D55-Parametri!$A$8)-(A55-Parametri!$A$11)+Parametri!$A$2 -> 653.96694 | H55: =E55 -> 4.6188022 | I55: =Parametri!$D$8 -> 0.11547005 | K55: =C55-B55 -> 16
A56: =A55+1 -> 313 | B56: 957 | C56: 969 | D56: =IF(C56=0, B56, GEOMEAN(B56:C56)) -> 962.98131 | E56: =MAX(Parametri!$D$8, ABS(B56-C56)/(2*SQRT(3))) -> 3.4641016 | F56: =(A56-Parametri!$A$11)+Parametri!$A$2+(Parametri!$A$5/2) -> 294.5 | G56: =(D56-Parametri!$A$8)-(A56-Parametri!$A$11)+Parametri!$A$2 -> 647.98131 | H56: =E56 -> 3.4641016 | I56: =Parametri!$D$8 -> 0.11547005 | K56: =C56-B56 -> 12
A57: =A56+1 -> 314 | B57: 955 | C57: 967 | D57: =IF(C57=0, B57, GEOMEAN(B57:C57)) -> 960.98127 | E57: =MAX(Parametri!$D$8, ABS(B57-C57)/(2*SQRT(3))) -> 3.4641016 | F57: =(A57-Parametri!$A$11)+Parametri!$A$2+(Parametri!$A$5/2) -> 295.5 | G57: =(D57-Parametri!$A$8)-(A57-Parametri!$A$11)+Parametri!$A$2 -> 644.98127 | H57: =E57 -> 3.4641016 | I57: =Parametri!$D$8 -> 0.11547005 | K57: =C57-B57 -> 12
A58: =A57+2 -> 316 | B58: 945 | C58: 961 | D58: =IF(C58=0, B58, GEOMEAN(B58:C58)) -> 952.96642 | E58: =MAX(Parametri!$D$8, ABS(B58-C58)/(2*SQRT(3))) -> 4.6188022 | F58: =(A58-Parametri!$A$11)+Parametri!$A$2+(Parametri!$A$5/2) -> 297.5 | G58: =(D58-Parametri!$A$8)-(A58-Parametri!$A$11)+Parametri!$A$2 -> 634.96642 | H58: =E58 -> 4.6188022 | I58: =Parametri!$D$8 -> 0.11547005 | K58: =C58-B58 -> 16
A59: =A58+2 -> 318 | B59: 940 | C59: 953 | D59: =IF(C59=0, B59, GEOMEAN(B59:C59)) -> 946.47768 | E59: =MAX(Parametri!$D$8, ABS(B59-C59)/(2*SQRT(3))) -> 3.7527767 | F59: =(A59-Parametri!$A$11)+Parametri!$A$2+(Parametri!$A$5/2) -> 299.5 | G59: =(D59-Parametri!$A$8)-(A59-Parametri!$A$11)+Parametri!$A$2 -> 626.47768 | H59: =E59 -> 3.7527767 | I59: =Parametri!$D$8 -> 0.11547005 | K59: =C59-B59 -> 13
A60: =A59+2 -> 320 | B60: 929 | C60: 945 | D60: =IF(C60=0, B60, GEOMEAN(B60:C60)) -> 936.96585 | E60: =MAX(Parametri!$D$8, ABS(B60-C60)/(2*SQRT(3))) -> 4.6188022 | F60: =(A60-Parametri!$A$11)+Parametri!$A$2+(Parametri!$A$5/2) -> 301.5 | G60: =(D60-Parametri!$A$8)-(A60-Parametri!$A$11)+Parametri!$A$2 -> 614.96585 | H60: =E60 -> 4.6188022 | I60: =Parametri!$D$8 -> 0.11547005 | K60: =C60-B60 -> 16
A61: =A60+5 -> 325 | B61: 916 | C61: 930 | D61: =IF(C61=0, B61, GEOMEAN(B61:C61)) -> 922.97346 | E61: =MAX(Parametri!$D$8, ABS(B61-C61)/(2*SQRT(3))) -> 4.0414519 | F61: =(A61-Parametri!$A$11)+Parametri!$A$2+(Parametri!$A$5/2) -> 306.5 | G61: =(D61-Parametri!$A$8)-(A61-Parametri!$A$11)+Parametri!$A$2 -> 595.97346 | H61: =E61 -> 4.0414519 | I61: =Parametri!$D$8 -> 0.11547005 | K61: =C61-B61 -> 14
A62: =A61+5 -> 330 | B62: 906 | C62: 915 | D62: =IF(C62=0, B62, GEOMEAN(B62:C62)) -> 910.48888 | E62: =MAX(Parametri!$D$8, ABS(B62-C62)/(2*SQRT(3))) -> 2.5980762 | F62: =(A62-Parametri!$A$11)+Parametri!$A$2+(Parametri!$A$5/2) -> 311.5 | G62: =(D62-Parametri!$A$8)-(A62-Parametri!$A$11)+Parametri!$A$2 -> 578.48888 | H62: =E62 -> 2.5980762 | I62: =Parametri!$D$8 -> 0.11547005 | K62: =C62-B62 -> 9
A63: =A62+5 -> 335 | B63: 886 | D63: =IF(C63=0, B63, GEOMEAN(B63:C63)) -> 886 | E63: =MAX(Parametri!$D$8, ABS(B63-C63)/(2*SQRT(3))) -> 255.76617 | F63: =(A63-Parametri!$A$11)+Parametri!$A$2+(Parametri!$A$5/2) -> 316.5 | G63: =(D63-Parametri!$A$8)-(A63-Parametri!$A$11)+Parametri!$A$2 -> 549 | H63: =E63 -> 255.76617 | I63: =Parametri!$D$8 -> 0.11547005 | K63: =C63-B63 -> -886 | L63: CAMBIA ERRORE
A64: =A63+5 -> 340 | B64: 871 | D64: =IF(C64=0, B64, GEOMEAN(B64:C64)) -> 871 | E64: =MAX(Parametri!$D$8, ABS(B64-C64)/(2*SQRT(3))) -> 251.43604 | F64: =(A64-Parametri!$A$11)+Parametri!$A$2+(Parametri!$A$5/2) -> 321.5 | G64: =(D64-Parametri!$A$8)-(A64-Parametri!$A$11)+Parametri!$A$2 -> 529 | H64: =E64 -> 251.43604 | I64: =Parametri!$D$8 -> 0.11547005 | K64: =C64-B64 -> -871
A65: =A64+5 -> 345 | B65: 870 | D65: =IF(C65=0, B65, GEOMEAN(B65:C65)) -> 870 | E65: =MAX(Parametri!$D$8, ABS(B65-C65)/(2*SQRT(3))) -> 251.14737 | F65: =(A65-Parametri!$A$11)+Parametri!$A$2+(Parametri!$A$5/2) -> 326.5 | G65: =(D65-Parametri!$A$8)-(A65-Parametri!$A$11)+Parametri!$A$2 -> 523 | H65: =E65 -> 251.14737 | I65: =Parametri!$D$8 -> 0.11547005 | K65: =C65-B65 -> -870
A66: =A65+5 -> 350 | B66: 864 | D66: =IF(C66=0, B66, GEOMEAN(B66:C66)) -> 864 | E66: =MAX(Parametri!$D$8, ABS(B66-C66)/(2*SQRT(3))) -> 249.41532 | F66: =(A66-Parametri!$A$11)+Parametri!$A$2+(Parametri!$A$5/2) -> 331.5 | G66: =(D66-Parametri!$A$8)-(A66-Parametri!$A$11)+Parametri!$A$2 -> 512 | H66: =E66 -> 249.41532 | I66: =Parametri!$D$8 -> 0.11547005 | K66: =C66-B66 -> -864
A67: =A66+5 -> 355 | B67: 856 | D67: =IF(C67=0, B67, GEOMEAN(B67:C67)) -> 856 | E67: =MAX(Parametri!$D$8, ABS(B67-C67)/(2*SQRT(3))) -> 247.10592 | F67: =(A67-Parametri!$A$11)+Parametri!$A$2+(Parametri!$A$5/2) -> 336.5 | G67: =(D67-Parametri!$A$8)-(A67-Parametri!$A$11)+Parametri!$A$2 -> 499 | H67: =E67 -> 247.10592 | I67: =Parametri!$D$8 -> 0.11547005 | K67: =C67-B67 -> -856
A68: =A67+5 -> 360 | B68: 851 | D68: =IF(C68=0, B68, GEOMEAN(B68:C68)) -> 851 | E68: =MAX(Parametri!$D$8, ABS(B68-C68)/(2*SQRT(3))) -> 245.66254 | F68: =(A68-Parametri!$A$11)+Parametri!$A$2+(Parametri!$A$5/2) -> 341.5 | G68: =(D68-Parametri!$A$8)-(A68-Parametri!$A$11)+Parametri!$A$2 -> 489 | H68: =E68 -> 245.66254 | I68: =Parametri!$D$8 -> 0.11547005 | K68: =C68-B68 -> -851
A69: =A68+5 -> 365 | B69: 846 | D69: =IF(C69=0, B69, GEOMEAN(B69:C69)) -> 846 | E69: =MAX(Parametri!$D$8, ABS(B69-C69)/(2*SQRT(3))) -> 244.21916 | F69: =(A69-Parametri!$A$11)+Parametri!$A$2+(Parametri!$A$5/2) -> 346.5 | G69: =(D69-Parametri!$A$8)-(A69-Parametri!$A$11)+Parametri!$A$2 -> 479 | H69: =E69 -> 244.21916 | I69: =Parametri!$D$8 -> 0.11547005 | K69: =C69-B69 -> -846
A70: =A69+5 -> 370 | B70: 840 | D70: =IF(C70=0, B70, GEOMEAN(B70:C70)) -> 840 | E70: =MAX(Parametri!$D$8, ABS(B70-C70)/(2*SQRT(3))) -> 242.48711 | F70: =(A70-Parametri!$A$11)+Parametri!$A$2+(Parametri!$A$5/2) -> 351.5 | G70: =(D70-Parametri!$A$8)-(A70-Parametri!$A$11)+Parametri!$A$2 -> 468 | H70: =E70 -> 242.48711 | I70: =Parametri!$D$8 -> 0.11547005 | K70: =C70-B70 -> -840
A71: =A70+5 -> 375 | B71: 835 | D71: =IF(C71=0, B71, GEOMEAN(B71:C71)) -> 835 | E71: =MAX(Parametri!$D$8, ABS(B71-C71)/(2*SQRT(3))) -> 241.04374 | F71: =(A71-Parametri!$A$11)+Parametri!$A$2+(Parametri!$A$5/2) -> 356.5 | G71: =(D71-Parametri!$A$8)-(A71-Parametri!$A$11)+Parametri!$A$2 -> 458 | H71: =E71 -> 241.04374 | I71: =Parametri!$D$8 -> 0.11547005 | K71: =C71-B71 -> -835
A72: =A71+5 -> 380 | B72: 833 | D72: =IF(C72=0, B72, GEOMEAN(B72:C72)) -> 833 | E72: =MAX(Parametri!$D$8, ABS(B72-C72)/(2*SQRT(3))) -> 240.46639 | F72: =(A72-Parametri!$A$11)+Parametri!$A$2+(Parametri!$A$5/2) -> 361.5 | G72: =(D72-Parametri!$A$8)-(A72-Parametri!$A$11)+Parametri!$A$2 -> 451 | H72: =E72 -> 240.46639 | I72: =Parametri!$D$8 -> 0.11547005 | K72: =C72-B72 -> -833
A73: =A72+5 -> 385 | B73: 832 | D73: =IF(C73=0, B73, GEOMEAN(B73:C73)) -> 832 | E73: =MAX(Parametri!$D$8, ABS(B73-C73)/(2*SQRT(3))) -> 240.17771 | F73: =(A73-Parametri!$A$11)+Parametri!$A$2+(Parametri!$A$5/2) -> 366.5 | G73: =(D73-Parametri!$A$8)-(A73-Parametri!$A$11)+Parametri!$A$2 -> 445 | H73: =E73 -> 240.17771 | I73: =Parametri!$D$8 -> 0.11547005 | K73: =C73-B73 -> -832
A74: =A73+5 -> 390 | B74: 828 | D74: =IF(C74=0, B74, GEOMEAN(B74:C74)) -> 828 | E74: =MAX(Parametri!$D$8, ABS(B74-C74)/(2*SQRT(3))) -> 239.02301 | F74: =(A74-Parametri!$A$11)+Parametri!$A$2+(Parametri!$A$5/2) -> 371.5 | G74: =(D74-Parametri!$A$8)-(A74-Parametri!$A$11)+Parametri!$A$2 -> 436 | H74: =E74 -> 239.02301 | I74: =Parametri!$D$8 -> 0.11547005 | K74: =C74-B74 -> -828
A75: =A74+5 -> 395 | B75: 825 | D75: =IF(C75=0, B75, GEOMEAN(B75:C75)) -> 825 | E75: =MAX(Parametri!$D$8, ABS(B75-C75)/(2*SQRT(3))) -> 238.15699 | F75: =(A75-Parametri!$A$11)+Parametri!$A$2+(Parametri!$A$5/2) -> 376.5 | G75: =(D75-Parametri!$A$8)-(A75-Parametri!$A$11)+Parametri!$A$2 -> 428 | H75: =E75 -> 238.15699 | I75: =Parametri!$D$8 -> 0.11547005 | K75: =C75-B75 -> -825
... A86: =A85+5 -> 450 | B86: 831 | D86: =IF(C86=0, B86, GEOMEAN(B86:C86)) -> 831 | E86: =MAX(Parametri!$D$8, ABS(B86-C86)/(2*SQRT(3))) -> 239.88904 | F86: =(A86-Parametri!$A$11)+Parametri!$A$2+(Parametri!$A$5/2) -> 431.5 | G86: =(D86-Parametri!$A$8)-(A86-Parametri!$A$11)+Parametri!$A$2 -> 379 | H86: =E86 -> 239.88904 | I86: =Parametri!$D$8 -> 0.11547005 | K86: =C86-B86 -> -831
A87: =A86+10 -> 460 | B87: 832 | D87: =IF(C87=0, B87, GEOMEAN(B87:C87)) -> 832 | E87: =MAX(Parametri!$D$8, ABS(B87-C87)/(2*SQRT(3))) -> 240.17771 | F87: =(A87-Parametri!$A$11)+Parametri!$A$2+(Parametri!$A$5/2) -> 441.5 | G87: =(D87-Parametri!$A$8)-(A87-Parametri!$A$11)+Parametri!$A$2 -> 370 | H87: =E87 -> 240.17771 | I87: =Parametri!$D$8 -> 0.11547005 | K87: =C87-B87 -> -832
A88: =A87+10 -> 470 | B88: 837 | D88: =IF(C88=0, B88, GEOMEAN(B88:C88)) -> 837 | E88: =MAX(Parametri!$D$8, ABS(B88-C88)/(2*SQRT(3))) -> 241.62109 | F88: =(A88-Parametri!$A$11)+Parametri!$A$2+(Parametri!$A$5/2) -> 451.5 | G88: =(D88-Parametri!$A$8)-(A88-Parametri!$A$11)+Parametri!$A$2 -> 365 | H88: =E88 -> 241.62109 | I88: =Parametri!$D$8 -> 0.11547005 | K88: =C88-B88 -> -837
A89: =A88+10 -> 480 | B89: 840 | D89: =IF(C89=0, B89, GEOMEAN(B89:C89)) -> 840 | E89: =MAX(Parametri!$D$8, ABS(B89-C89)/(2*SQRT(3))) -> 242.48711 | F89: =(A89-Parametri!$A$11)+Parametri!$A$2+(Parametri!$A$5/2) -> 461.5 | G89: =(D89-Parametri!$A$8)-(A89-Parametri!$A$11)+Parametri!$A$2 -> 358 | H89: =E89 -> 242.48711 | I89: =Parametri!$D$8 -> 0.11547005 | K89: =C89-B89 -> -840
A90: =A89+10 -> 490 | B90: 835 | D90: =IF(C90=0, B90, GEOMEAN(B90:C90)) -> 835 | E90: =MAX(Parametri!$D$8, ABS(B90-C90)/(2*SQRT(3))) -> 241.04374 | F90: =(A90-Parametri!$A$11)+Parametri!$A$2+(Parametri!$A$5/2) -> 471.5 | G90: =(D90-Parametri!$A$8)-(A90-Parametri!$A$11)+Parametri!$A$2 -> 343 | H90: =E90 -> 241.04374 | I90: =Parametri!$D$8 -> 0.11547005 | K90: =C90-B90 -> -835
A91: =A90+10 -> 500 | B91: 850 | D91: =IF(C91=0, B91, GEOMEAN(B91:C91)) -> 850 | E91: =MAX(Parametri!$D$8, ABS(B91-C91)/(2*SQRT(3))) -> 245.37386 | F91: =(A91-Parametri!$A$11)+Parametri!$A$2+(Parametri!$A$5/2) -> 481.5 | G91: =(D91-Parametri!$A$8)-(A91-Parametri!$A$11)+Parametri!$A$2 -> 348 | H91: =E91 -> 245.37386 | I91: =Parametri!$D$8 -> 0.11547005 | K91: =C91-B91 -> -850
A92: =A91+10 -> 510 | B92: 855 | D92: =IF(C92=0, B92, GEOMEAN(B92:C92)) -> 855 | E92: =MAX(Parametri!$D$8, ABS(B92-C92)/(2*SQRT(3))) -> 246.81724 | F92: =(A92-Parametri!$A$11)+Parametri!$A$2+(Parametri!$A$5/2) -> 491.5 | G92: =(D92-Parametri!$A$8)-(A92-Parametri!$A$11)+Parametri!$A$2 -> 343 | H92: =E92 -> 246.81724 | I92: =Parametri!$D$8 -> 0.11547005 | K92: =C92-B92 -> -855
A93: =A92+10 -> 520 | B93: 860 | D93: =IF(C93=0, B93, GEOMEAN(B93:C93)) -> 860 | E93: =MAX(Parametri!$D$8, ABS(B93-C93)/(2*SQRT(3))) -> 248.26062 | F93: =(A93-Parametri!$A$11)+Parametri!$A$2+(Parametri!$A$5/2) -> 501.5 | G93: =(D93-Parametri!$A$8)-(A93-Parametri!$A$11)+Parametri!$A$2 -> 338 | H93: =E93 -> 248.26062 | I93: =Parametri!$D$8 -> 0.11547005 | K93: =C93-B93 -> -860
A94: =A93+10 -> 530 | B94: 865 | D94: =IF(C94=0, B94, GEOMEAN(B94:C94)) -> 865 | E94: =MAX(Parametri!$D$8, ABS(B94-C94)/(2*SQRT(3))) -> 249.70399 | F94: =(A94-Parametri!$A$11)+Parametri!$A$2+(Parametri!$A$5/2) -> 511.5 | G94: =(D94-Parametri!$A$8)-(A94-Parametri!$A$11)+Parametri!$A$2 -> 333 | H94: =E94 -> 249.70399 | I94: =Parametri!$D$8 -> 0.11547005 | K94: =C94-B94 -> -865
A95: =A94+10 -> 540 | B95: 870 | D95: =IF(C95=0, B95, GEOMEAN(B95:C95)) -> 870 | E95: =MAX(Parametri!$D$8, ABS(B95-C95)/(2*SQRT(3))) -> 251.14737 | F95: =(A95-Parametri!$A$11)+Parametri!$A$2+(Parametri!$A$5/2) -> 521.5 | G95: =(D95-Parametri!$A$8)-(A95-Parametri!$A$11)+Parametri!$A$2 -> 328 | H95: =E95 -> 251.14737 | I95: =Parametri!$D$8 -> 0.11547005 | K95: =C95-B95 -> -870
A96: =A95+10 -> 550 | B96: 875 | D96: =IF(C96=0, B96, GEOMEAN(B96:C96)) -> 875 | E96: =MAX(Parametri!$D$8, ABS(B96-C96)/(2*SQRT(3))) -> 252.59074 | F96: =(A96-Parametri!$A$11)+Parametri!$A$2+(Parametri!$A$5/2) -> 531.5 | G96: =(D96-Parametri!$A$8)-(A96-Parametri!$A$11)+Parametri!$A$2 -> 323 | H96: =E96 -> 252.59074 | I96: =Parametri!$D$8 -> 0.11547005 | K96: =C96-B96 -> -875
A97: =A96+10 -> 560 | B97: 885 | D97: =IF(C97=0, B97, GEOMEAN(B97:C97)) -> 885 | E97: =MAX(Parametri!$D$8, ABS(B97-C97)/(2*SQRT(3))) -> 255.47749 | F97: =(A97-Parametri!$A$11)+Parametri!$A$2+(Parametri!$A$5/2) -> 541.5 | G97: =(D97-Parametri!$A$8)-(A97-Parametri!$A$11)+Parametri!$A$2 -> 323 | H97: =E97 -> 255.47749 | I97: =Parametri!$D$8 -> 0.11547005 | K97: =C97-B97 -> -885
A98: =A97+10 -> 570 | B98: 890 | D98: =IF(C98=0, B98, GEOMEAN(B98:C98)) -> 890 | E98: =MAX(Parametri!$D$8, ABS(B98-C98)/(2*SQRT(3))) -> 256.92087 | F98: =(A98-Parametri!$A$11)+Parametri!$A$2+(Parametri!$A$5/2) -> 551.5 | G98: =(D98-Parametri!$A$8)-(A98-Parametri!$A$11)+Parametri!$A$2 -> 318 | H98: =E98 -> 256.92087 | I98: =Parametri!$D$8 -> 0.11547005 | K98: =C98-B98 -> -890
... A101: =A100+10 -> 600 | B101: 910 | D101: =IF(C101=0, B101, GEOMEAN(B101:C101)) -> 910 | E101: =MAX(Parametri!$D$8, ABS(B101-C101)/(2*SQRT(3))) -> 262.69437 | F101: =(A101-Parametri!$A$11)+Parametri!$A$2+(Parametri!$A$5/2) -> 581.5 | G101: =(D101-Parametri!$A$8)-(A101-Parametri!$A$11)+Parametri!$A$2 -> 308 | H101: =E101 -> 262.69437 | I101: =Parametri!$D$8 -> 0.11547005 | K101: =C101-B101 -> -910
A102: =A101+20 -> 620 | B102: 925 | D102: =IF(C102=0, B102, GEOMEAN(B102:C102)) -> 925 | E102: =MAX(Parametri!$D$8, ABS(B102-C102)/(2*SQRT(3))) -> 267.0245 | F102: =(A102-Parametri!$A$11)+Parametri!$A$2+(Parametri!$A$5/2) -> 601.5 | G102: =(D102-Parametri!$A$8)-(A102-Parametri!$A$11)+Parametri!$A$2 -> 303 | H102: =E102 -> 267.0245 | I102: =Parametri!$D$8 -> 0.11547005 | K102: =C102-B102 -> -925
A103: =A102+20 -> 640 | B103: 939 | D103: =IF(C103=0, B103, GEOMEAN(B103:C103)) -> 939 | E103: =MAX(Parametri!$D$8, ABS(B103-C103)/(2*SQRT(3))) -> 271.06595 | F103: =(A103-Parametri!$A$11)+Parametri!$A$2+(Parametri!$A$5/2) -> 621.5 | G103: =(D103-Parametri!$A$8)-(A103-Parametri!$A$11)+Parametri!$A$2 -> 297 | H103: =E103 -> 271.06595 | I103: =Parametri!$D$8 -> 0.11547005 | K103: =C103-B103 -> -939
A104: =A103+20 -> 660 | B104: 958 | D104: =IF(C104=0, B104, GEOMEAN(B104:C104)) -> 958 | E104: =MAX(Parametri!$D$8, ABS(B104-C104)/(2*SQRT(3))) -> 276.55078 | F104: =(A104-Parametri!$A$11)+Parametri!$A$2+(Parametri!$A$5/2) -> 641.5 | G104: =(D104-Parametri!$A$8)-(A104-Parametri!$A$11)+Parametri!$A$2 -> 296 | H104: =E104 -> 276.55078 | I104: =Parametri!$D$8 -> 0.11547005 | K104: =C104-B104 -> -958
A105: =A104+20 -> 680 | B105: 972 | D105: =IF(C105=0, B105, GEOMEAN(B105:C105)) -> 972 | E105: =MAX(Parametri!$D$8, ABS(B105-C105)/(2*SQRT(3))) -> 280.59223 | F105: =(A105-Parametri!$A$11)+Parametri!$A$2+(Parametri!$A$5/2) -> 661.5 | G105: =(D105-Parametri!$A$8)-(A105-Parametri!$A$11)+Parametri!$A$2 -> 290 | H105: =E105 -> 280.59223 | I105: =Parametri!$D$8 -> 0.11547005 | K105: =C105-B105 -> -972
A106: =A105+20 -> 700 | B106: 990 | D106: =IF(C106=0, B106, GEOMEAN(B106:C106)) -> 990 | E106: =MAX(Parametri!$D$8, ABS(B106-C106)/(2*SQRT(3))) -> 285.78838 | F106: =(A106-Parametri!$A$11)+Parametri!$A$2+(Parametri!$A$5/2) -> 681.5 | G106: =(D106-Parametri!$A$8)-(A106-Parametri!$A$11)+Parametri!$A$2 -> 288 | H106: =E106 -> 285.78838 | I106: =Parametri!$D$8 -> 0.11547005 | K106: =C106-B106 -> -990
A107: =A106+50 -> 750 | B107: 1030 | D107: =IF(C107=0, B107, GEOMEAN(B107:C107)) -> 1030 | E107: =MAX(Parametri!$D$8, ABS(B107-C107)/(2*SQRT(3))) -> 297.33539 | F107: =(A107-Parametri!$A$11)+Parametri!$A$2+(Parametri!$A$5/2) -> 731.5 | G107: =(D107-Parametri!$A$8)-(A107-Parametri!$A$11)+Parametri!$A$2 -> 278 | H107: =E107 -> 297.33539 | I107: =Parametri!$D$8 -> 0.11547005 | K107: =C107-B107 -> -1030
A108: =A107+50 -> 800 | B108: 1073 | D108: =IF(C108=0, B108, GEOMEAN(B108:C108)) -> 1073 | E108: =MAX(Parametri!$D$8, ABS(B108-C108)/(2*SQRT(3))) -> 309.74842 | F108: =(A108-Parametri!$A$11)+Parametri!$A$2+(Parametri!$A$5/2) -> 781.5 | G108: =(D108-Parametri!$A$8)-(A108-Parametri!$A$11)+Parametri!$A$2 -> 271 | H108: =E108 -> 309.74842 | I108: =Parametri!$D$8 -> 0.11547005 | K108: =C108-B108 -> -1073
A109: =A108+50 -> 850 | B109: 1118 | D109: =IF(C109=0, B109, GEOMEAN(B109:C109)) -> 1118 | E109: =MAX(Parametri!$D$8, ABS(B109-C109)/(2*SQRT(3))) -> 322.7388 | F109: =(A109-Parametri!$A$11)+Parametri!$A$2+(Parametri!$A$5/2) -> 831.5 | G109: =(D109-Parametri!$A$8)-(A109-Parametri!$A$11)+Parametri!$A$2 -> 266 | H109: =E109 -> 322.7388 | I109: =Parametri!$D$8 -> 0.11547005 | K109: =C109-B109 -> -1118
A110: =A109+50 -> 900 | B110: 1164 | D110: =IF(C110=0, B110, GEOMEAN(B110:C110)) -> 1164 | E110: =MAX(Parametri!$D$8, ABS(B110-C110)/(2*SQRT(3))) -> 336.01786 | F110: =(A110-Parametri!$A$11)+Parametri!$A$2+(Parametri!$A$5/2) -> 881.5 | G110: =(D110-Parametri!$A$8)-(A110-Parametri!$A$11)+Parametri!$A$2 -> 262 | H110: =E110 -> 336.01786 | I110: =Parametri!$D$8 -> 0.11547005 | K110: =C110-B110 -> -1164
A111: =A110+100 -> 1000 | B111: 1255 | D111: =IF(C111=0, B111, GEOMEAN(B111:C111)) -> 1255 | E111: =MAX(Parametri!$D$8, ABS(B111-C111)/(2*SQRT(3))) -> 362.28729 | F111: =(A111-Parametri!$A$11)+Parametri!$A$2+(Parametri!$A$5/2) -> 981.5 | G111: =(D111-Parametri!$A$8)-(A111-Parametri!$A$11)+Parametri!$A$2 -> 253 | H111: =E111 -> 362.28729 | I111: =Parametri!$D$8 -> 0.11547005 | K111: =C111-B111 -> -1255
A112: =A111+100 -> 1100 | B112: 1349 | D112: =IF(C112=0, B112, GEOMEAN(B112:C112)) -> 1349 | E112: =MAX(Parametri!$D$8, ABS(B112-C112)/(2*SQRT(3))) -> 389.42276 | F112: =(A112-Parametri!$A$11)+Parametri!$A$2+(Parametri!$A$5/2) -> 1081.5 | G112: =(D112-Parametri!$A$8)-(A112-Parametri!$A$11)+Parametri!$A$2 -> 247 | H112: =E112 -> 389.42276 | I112: =Parametri!$D$8 -> 0.11547005 | K112: =C112-B112 -> -1349
A113: =A112+100 -> 1200 | B113: 1445 | D113: =IF(C113=0, B113, GEOMEAN(B113:C113)) -> 1445 | E113: =MAX(Parametri!$D$8, ABS(B113-C113)/(2*SQRT(3))) -> 417.13557 | F113: =(A113-Parametri!$A$11)+Parametri!$A$2+(Parametri!$A$5/2) -> 1181.5 | G113: =(D113-Parametri!$A$8)-(A113-Parametri!$A$11)+Parametri!$A$2 -> 243 | H113: =E113 -> 417.13557 | I113: =Parametri!$D$8 -> 0.11547005 | K113: =C113-B113 -> -1445
A114: =A113+100 -> 1300 | B114: 1542 | D114: =IF(C114=0, B114, GEOMEAN(B114:C114)) -> 1542 | E114: =MAX(Parametri!$D$8, ABS(B114-C114)/(2*SQRT(3))) -> 445.13706 | F114: =(A114-Parametri!$A$11)+Parametri!$A$2+(Parametri!$A$5/2) -> 1281.5 | G114: =(D114-Parametri!$A$8)-(A114-Parametri!$A$11)+Parametri!$A$2 -> 240 | H114: =E114 -> 445.13706 | I114: =Parametri!$D$8 -> 0.11547005 | K114: =C114-B114 -> -1542
A115: =A114+100 -> 1400 | B115: 1638 | D115: =IF(C115=0, B115, GEOMEAN(B115:C115)) -> 1638 | E115: =MAX(Parametri!$D$8, ABS(B115-C115)/(2*SQRT(3))) -> 472.84987 | F115: =(A115-Parametri!$A$11)+Parametri!$A$2+(Parametri!$A$5/2) -> 1381.5 | G115: =(D115-Parametri!$A$8)-(A115-Parametri!$A$11)+Parametri!$A$2 -> 236 | H115: =E115 -> 472.84987 | I115: =Parametri!$D$8 -> 0.11547005 | K115: =C115-B115 -> -1638
A116: =A115+100 -> 1500 | B116: 1736 | D116: =IF(C116=0, B116, GEOMEAN(B116:C116)) -> 1736 | E116: =MAX(Parametri!$D$8, ABS(B116-C116)/(2*SQRT(3))) -> 501.14003 | F116: =(A116-Parametri!$A$11)+Parametri!$A$2+(Parametri!$A$5/2) -> 1481.5 | G116: =(D116-Parametri!$A$8)-(A116-Parametri!$A$11)+Parametri!$A$2 -> 234 | H116: =E116 -> 501.14003 | I116: =Parametri!$D$8 -> 0.11547005 | K116: =C116-B116 -> -1736
A117: 1650 | B117: 1882 | D117: =IF(C117=0, B117, GEOMEAN(B117:C117)) -> 1882 | E117: =MAX(Parametri!$D$8, ABS(B117-C117)/(2*SQRT(3))) -> 543.2866 | F117: =(A117-Parametri!$A$11)+Parametri!$A$2+(Parametri!$A$5/2) -> 1631.5 | G117: =(D117-Parametri!$A$8)-(A117-Parametri!$A$11)+Parametri!$A$2 -> 230 | H117: =E117 -> 543.2866 | I117: =Parametri!$D$8 -> 0.11547005 | K117: =C117-B117 -> -1882

Sheet Dati (2)
A1: x | B1: y_min | C1: y_max | D1: y_max2 | E1: y | F1: sigma_y | G1: p | H1: q | I1: sigma_p | J1: sigma_q
A2: 270 | D2: =B2+2*E2 -> 3950 | E2: 1975 | F2: =IF(C2=0, Parametri!$D$8, ABS(B2-C2)/(2*SQRT(3))) -> 0.11547005 | G2: =(A2-335)+135.8+(Parametri!$A$5/2) -> 79.3 | H2: =(E2-192)-('Dati (2)'!A2-Parametri!$A$11)+Parametri!$A$2 -> 1748 | I2: =F2 -> 0.11547005 | J2: =Parametri!$D$8 -> 0.11547005
A3: =A2+1 -> 271 | D3: =B3+2*E3 -> 3950 | E3: 1975 | F3: =IF(C3=0, Parametri!$D$8, ABS(B3-C3)/(2*SQRT(3))) -> 0.11547005 | G3: =(A3-335)+135.8+(Parametri!$A$5/2) -> 80.3 | H3: =(E3-192)-('Dati (2)'!A3-Parametri!$A$11)+Parametri!$A$2 -> 1747 | I3: =F3 -> 0.11547005 | J3: =Parametri!$D$8 -> 0.11547005
A4: =A3+1 -> 272 | D4: =B4+2*E4 -> 3824 | E4: 1912 | F4: =IF(C4=0, Parametri!$D$8, ABS(B4-C4)/(2*SQRT(3))) -> 0.11547005 | G4: =(A4-335)+135.8+(Parametri!$A$5/2) -> 81.3 | H4: =(E4-192)-('Dati (2)'!A4-Parametri!$A$11)+Parametri!$A$2 -> 1683 | I4: =F4 -> 0.11547005 | J4: =Parametri!$D$8 -> 0.11547005
A5: =A4+1 -> 273 | D5: =B5+2*E5 -> 3786 | E5: 1893 | F5: =IF(C5=0, Parametri!$D$8, ABS(B5-C5)/(2*SQRT(3))) -> 0.11547005 | G5: =(A5-335)+135.8+(Parametri!$A$5/2) -> 82.3 | H5: =(E5-192)-('Dati (2)'!A5-Parametri!$A$11)+Parametri!$A$2 -> 1663 | I5: =F5 -> 0.11547005 | J5: =Parametri!$D$8 -> 0.11547005
A6: =A5+1 -> 274 | D6: =B6+2*E6 -> 3634 | E6: 1817 | F6: =IF(C6=0, Parametri!$D$8, ABS(B6-C6)/(2*SQRT(3))) -> 0.11547005 | G6: =(A6-335)+135.8+(Parametri!$A$5/2) -> 83.3 | H6: =(E6-192)-('Dati (2)'!A6-Parametri!$A$11)+Parametri!$A$2 -> 1586 | I6: =F6 -> 0.11547005 | J6: =Parametri!$D$8 -> 0.11547005
A7: =A6+1 -> 275 | D7: =B7+2*E7 -> 3566 | E7: 1783 | F7: =IF(C7=0, Parametri!$D$8, ABS(B7-C7)/(2*SQRT(3))) -> 0.11547005 | G7: =(A7-335)+135.8+(Parametri!$A$5/2) -> 84.3 | H7: =(E7-192)-('Dati (2)'!A7-Parametri!$A$11)+Parametri!$A$2 -> 1551 | I7: =F7 -> 0.11547005 | J7: =Parametri!$D$8 -> 0.11547005
A8: =A7+1 -> 276 | D8: =B8+2*E8 -> 3447 | E8: 1723.5 | F8: =IF(C8=0, Parametri!$D$8, ABS(B8-C8)/(2*SQRT(3))) -> 0.11547005 | G8: =(A8-335)+135.8+(Parametri!$A$5/2) -> 85.3 | H8: =(E8-192)-('Dati (2)'!A8-Parametri!$A$11)+Parametri!$A$2 -> 1490.5 | I8: =F8 -> 0.11547005 | J8: =Parametri!$D$8 -> 0.11547005
A9: =A8+1 -> 277 | D9: =B9+2*E9 -> 3352 | E9: 1676 | F9: =IF(C9=0, Parametri!$D$8, ABS(B9-C9)/(2*SQRT(3))) -> 0.11547005 | G9: =(A9-335)+135.8+(Parametri!$A$5/2) -> 86.3 | H9: =(E9-192)-('Dati (2)'!A9-Parametri!$A$11)+Parametri!$A$2 -> 1442 | I9: =F9 -> 0.11547005 | J9: =Parametri!$D$8 -> 0.11547005
A10: =A9+1 -> 278 | D10: =B10+2*E10 -> 3320 | E10: 1660 | F10: =IF(C10=0, Parametri!$D$8, ABS(B10-C10)/(2*SQRT(3))) -> 0.11547005 | G10: =(A10-335)+135.8+(Parametri!$A$5/2) -> 87.3 | H10: =(E10-192)-('Dati (2)'!A10-Parametri!$A$11)+Parametri!$A$2 -> 1425 | I10: =F10 -> 0.11547005 | J10: =Parametri!$D$8 -> 0.11547005
A11: =A10+1 -> 279 | D11: =B11+2*E11 -> 3231 | E11: 1615.5 | F11: =IF(C11=0, Parametri!$D$8, ABS(B11-C11)/(2*SQRT(3))) -> 0.11547005 | G11: =(A11-335)+135.8+(Parametri!$A$5/2) -> 88.3 | H11: =(E11-192)-('Dati (2)'!A11-Parametri!$A$11)+Parametri!$A$2 -> 1379.5 | I11: =F11 -> 0.11547005 | J11: =Parametri!$D$8 -> 0.11547005
A12: =A11+1 -> 280 | D12: =B12+2*E12 -> 3163 | E12: 1581.5 | F12: =IF(C12=0, Parametri!$D$8, ABS(B12-C12)/(2*SQRT(3))) -> 0.11547005 | G12: =(A12-335)+135.8+(Parametri!$A$5/2) -> 89.3 | H12: =(E12-192)-('Dati (2)'!A12-Parametri!$A$11)+Parametri!$A$2 -> 1344.5 | I12: =F12 -> 0.11547005 | J12: =Parametri!$D$8 -> 0.11547005
A13: =A12+1 -> 281 | D13: =B13+2*E13 -> 3122 | E13: 1561 | F13: =IF(C13=0, Parametri!$D$8, ABS(B13-C13)/(2*SQRT(3))) -> 0.11547005 | G13: =(A13-335)+135.8+(Parametri!$A$5/2) -> 90.3 | H13: =(E13-192)-('Dati (2)'!A13-Parametri!$A$11)+Parametri!$A$2 -> 1323 | I13: =F13 -> 0.11547005 | J13: =Parametri!$D$8 -> 0.11547005
A14: =A13+1 -> 282 | D14: =B14+2*E14 -> 3067 | E14: 1533.5 | F14: =IF(C14=0, Parametri!$D$8, ABS(B14-C14)/(2*SQRT(3))) -> 0.11547005 | G14: =(A14-335)+135.8+(Parametri!$A$5/2) -> 91.3 | H14: =(E14-192)-('Dati (2)'!A14-Parametri!$A$11)+Parametri!$A$2 -> 1294.5 | I14: =F14 -> 0.11547005 | J14: =Parametri!$D$8 -> 0.11547005
... A47: =A46+1 -> 315 | D47: =B47+2*E47 -> 2150 | E47: 1075 | F47: =IF(C47=0, Parametri!$D$8, ABS(B47-C47)/(2*SQRT(3))) -> 0.11547005 | G47: =(A47-335)+135.8+(Parametri!$A$5/2) -> 124.3 | H47: =(E47-192)-('Dati (2)'!A47-Parametri!$A$11)+Parametri!$A$2 -> 803 | I47: =F47 -> 0.11547005 | J47: =Parametri!$D$8 -> 0.11547005
A48: =A47+2 -> 317 | D48: =B48+2*E48 -> 2126 | E48: 1063 | F48: =IF(C48=0, Parametri!$D$8, ABS(B48-C48)/(2*SQRT(3))) -> 0.11547005 | G48: =(A48-335)+135.8+(Parametri!$A$5/2) -> 126.3 | H48: =(E48-192)-('Dati (2)'!A48-Parametri!$A$11)+Parametri!$A$2 -> 789 | I48: =F48 -> 0.11547005 | J48: =Parametri!$D$8 -> 0.11547005
A49: =A48+2 -> 319 | D49: =B49+2*E49 -> 2085 | E49: 1042.5 | F49: =IF(C49=0, Parametri!$D$8, ABS(B49-C49)/(2*SQRT(3))) -> 0.11547005 | G49: =(A49-335)+135.8+(Parametri!$A$5/2) -> 128.3 | H49: =(E49-192)-('Dati (2)'!A49-Parametri!$A$11)+Parametri!$A$2 -> 766.5 | I49: =F49 -> 0.11547005 | J49: =Parametri!$D$8 -> 0.11547005
A50: =A49+2 -> 321 | D50: =B50+2*E50 -> 2068 | E50: 1034 | F50: =IF(C50=0, Parametri!$D$8, ABS(B50-C50)/(2*SQRT(3))) -> 0.11547005 | G50: =(A50-335)+135.8+(Parametri!$A$5/2) -> 130.3 | H50: =(E50-192)-('Dati (2)'!A50-Parametri!$A$11)+Parametri!$A$2 -> 756 | I50: =F50 -> 0.11547005 | J50: =Parametri!$D$8 -> 0.11547005
A51: =A50+2 -> 323 | D51: =B51+2*E51 -> 2055 | E51: 1027.5 | F51: =IF(C51=0, Parametri!$D$8, ABS(B51-C51)/(2*SQRT(3))) -> 0.11547005 | G51: =(A51-335)+135.8+(Parametri!$A$5/2) -> 132.3 | H51: =(E51-192)-('Dati (2)'!A51-Parametri!$A$11)+Parametri!$A$2 -> 747.5 | I51: =F51 -> 0.11547005 | J51: =Parametri!$D$8 -> 0.11547005
A52: =A51+2 -> 325 | D52: =B52+2*E52 -> 2020 | E52: 1010 | F52: =IF(C52=0, Parametri!$D$8, ABS(B52-C52)/(2*SQRT(3))) -> 0.11547005 | G52: =(A52-335)+135.8+(Parametri!$A$5/2) -> 134.3 | H52: =(E52-192)-('Dati (2)'!A52-Parametri!$A$11)+Parametri!$A$2 -> 728 | I52: =F52 -> 0.11547005 | J52: =Parametri!$D$8 -> 0.11547005
A53: =A52+2 -> 327 | D53: =B53+2*E53 -> 1999 | E53: 999.5 | F53: =IF(C53=0, Parametri!$D$8, ABS(B53-C53)/(2*SQRT(3))) -> 0.11547005 | G53: =(A53-335)+135.8+(Parametri!$A$5/2) -> 136.3 | H53: =(E53-192)-('Dati (2)'!A53-Parametri!$A$11)+Parametri!$A$2 -> 715.5 | I53: =F53 -> 0.11547005 | J53: =Parametri!$D$8 -> 0.11547005
A54: =A53+2 -> 329 | D54: =B54+2*E54 -> 1975 | E54: 987.5 | F54: =IF(C54=0, Parametri!$D$8, ABS(B54-C54)/(2*SQRT(3))) -> 0.11547005 | G54: =(A54-335)+135.8+(Parametri!$A$5/2) -> 138.3 | H54: =(E54-192)-('Dati (2)'!A54-Parametri!$A$11)+Parametri!$A$2 -> 701.5 | I54: =F54 -> 0.11547005 | J54: =Parametri!$D$8 -> 0.11547005
A55: =A54+2 -> 331 | D55: =B55+2*E55 -> 1961 | E55: 980.5 | F55: =IF(C55=0, Parametri!$D$8, ABS(B55-C55)/(2*SQRT(3))) -> 0.11547005 | G55: =(A55-335)+135.8+(Parametri!$A$5/2) -> 140.3 | H55: =(E55-192)-('Dati (2)'!A55-Parametri!$A$11)+Parametri!$A$2 -> 692.5 | I55: =F55 -> 0.11547005 | J55: =Parametri!$D$8 -> 0.11547005
A56: =A55+2 -> 333 | D56: =B56+2*E56 -> 1940 | E56: 970 | F56: =IF(C56=0, Parametri!$D$8, ABS(B56-C56)/(2*SQRT(3))) -> 0.11547005 | G56: =(A56-335)+135.8+(Parametri!$A$5/2) -> 142.3 | H56: =(E56-192)-('Dati (2)'!A56-Parametri!$A$11)+Parametri!$A$2 -> 680 | I56: =F56 -> 0.11547005 | J56: =Parametri!$D$8 -> 0.11547005
A57: =A56+2 -> 335 | D57: =B57+2*E57 -> 1910 | E57: 955 | F57: =IF(C57=0, Parametri!$D$8, ABS(B57-C57)/(2*SQRT(3))) -> 0.11547005 | G57: =(A57-335)+135.8+(Parametri!$A$5/2) -> 144.3 | H57: =(E57-192)-('Dati (2)'!A57-Parametri!$A$11)+Parametri!$A$2 -> 663 | I57: =F57 -> 0.11547005 | J57: =Parametri!$D$8 -> 0.11547005
A58: =A57+2 -> 337 | D58: =B58+2*E58 -> 1891 | E58: 945.5 | F58: =IF(C58=0, Parametri!$D$8, ABS(B58-C58)/(2*SQRT(3))) -> 0.11547005 | G58: =(A58-335)+135.8+(Parametri!$A$5/2) -> 146.3 | H58: =(E58-192)-('Dati (2)'!A58-Parametri!$A$11)+Parametri!$A$2 -> 651.5 | I58: =F58 -> 0.11547005 | J58: =Parametri!$D$8 -> 0.11547005
A59: =A58+2 -> 339 | D59: =B59+2*E59 -> 1887 | E59: 943.5 | F59: =IF(C59=0, Parametri!$D$8, ABS(B59-C59)/(2*SQRT(3))) -> 0.11547005 | G59: =(A59-335)+135.8+(Parametri!$A$5/2) -> 148.3 | H59: =(E59-192)-('Dati (2)'!A59-Parametri!$A$11)+Parametri!$A$2 -> 647.5 | I59: =F59 -> 0.11547005 | J59: =Parametri!$D$8 -> 0.11547005
... A65: =A64+2 -> 351 | D65: =B65+2*E65 -> 1812 | E65: 906 | F65: =IF(C65=0, Parametri!$D$8, ABS(B65-C65)/(2*SQRT(3))) -> 0.11547005 | G65: =(A65-335)+135.8+(Parametri!$A$5/2) -> 160.3 | H65: =(E65-192)-('Dati (2)'!A65-Parametri!$A$11)+Parametri!$A$2 -> 598 | I65: =F65 -> 0.11547005 | J65: =Parametri!$D$8 -> 0.11547005
A66: =A65+3 -> 354 | D66: =B66+2*E66 -> 1806 | E66: 903 | F66: =IF(C66=0, Parametri!$D$8, ABS(B66-C66)/(2*SQRT(3))) -> 0.11547005 | G66: =(A66-335)+135.8+(Parametri!$A$5/2) -> 163.3 | H66: =(E66-192)-('Dati (2)'!A66-Parametri!$A$11)+Parametri!$A$2 -> 592 | I66: =F66 -> 0.11547005 | J66: =Parametri!$D$8 -> 0.11547005
A67: =A66+3 -> 357 | D67: =B67+2*E67 -> 1782 | E67: 891 | F67: =IF(C67=0, Parametri!$D$8, ABS(B67-C67)/(2*SQRT(3))) -> 0.11547005 | G67: =(A67-335)+135.8+(Parametri!$A$5/2) -> 166.3 | H67: =(E67-192)-('Dati (2)'!A67-Parametri!$A$11)+Parametri!$A$2 -> 577 | I67: =F67 -> 0.11547005 | J67: =Parametri!$D$8 -> 0.11547005
A68: =A67+3 -> 360 | D68: =B68+2*E68 -> 1777 | E68: 888.5 | F68: =IF(C68=0, Parametri!$D$8, ABS(B68-C68)/(2*SQRT(3))) -> 0.11547005 | G68: =(A68-335)+135.8+(Parametri!$A$5/2) -> 169.3 | H68: =(E68-192)-('Dati (2)'!A68-Parametri!$A$11)+Parametri!$A$2 -> 571.5 | I68: =F68 -> 0.11547005 | J68: =Parametri!$D$8 -> 0.11547005
A69: =A68+3 -> 363 | D69: =B69+2*E69 -> 1780 | E69: 890 | F69: =IF(C69=0, Parametri!$D$8, ABS(B69-C69)/(2*SQRT(3))) -> 0.11547005 | G69: =(A69-335)+135.8+(Parametri!$A$5/2) -> 172.3 | H69: =(E69-192)-('Dati (2)'!A69-Parametri!$A$11)+Parametri!$A$2 -> 570 | I69: =F69 -> 0.11547005 | J69: =Parametri!$D$8 -> 0.11547005
A70: =A69+3 -> 366 | D70: =B70+2*E70 -> 1752 | E70: 876 | F70: =IF(C70=0, Parametri!$D$8, ABS(B70-C70)/(2*SQRT(3))) -> 0.11547005 | G70: =(A70-335)+135.8+(Parametri!$A$5/2) -> 175.3 | H70: =(E70-192)-('Dati (2)'!A70-Parametri!$A$11)+Parametri!$A$2 -> 553 | I70: =F70 -> 0.11547005 | J70: =Parametri!$D$8 -> 0.11547005
A71: =A70+3 -> 369 | D71: =B71+2*E71 -> 1744 | E71: 872 | F71: =IF(C71=0, Parametri!$D$8, ABS(B71-C71)/(2*SQRT(3))) -> 0.11547005 | G71: =(A71-335)+135.8+(Parametri!$A$5/2) -> 178.3 | H71: =(E71-192)-('Dati (2)'!A71-Parametri!$A$11)+Parametri!$A$2 -> 546 | I71: =F71 -> 0.11547005 | J71: =Parametri!$D$8 -> 0.11547005
A72: =A71+3 -> 372 | D72: =B72+2*E72 -> 1742 | E72: 871 | F72: =IF(C72=0, Parametri!$D$8, ABS(B72-C72)/(2*SQRT(3))) -> 0.11547005 | G72: =(A72-335)+135.8+(Parametri!$A$5/2) -> 181.3 | H72: =(E72-192)-('Dati (2)'!A72-Parametri!$A$11)+Parametri!$A$2 -> 542 | I72: =F72 -> 0.11547005 | J72: =Parametri!$D$8 -> 0.11547005
A73: =A72+3 -> 375 | D73: =B73+2*E73 -> 1734 | E73: 867 | F73: =IF(C73=0, Parametri!$D$8, ABS(B73-C73)/(2*SQRT(3))) -> 0.11547005 | G73: =(A73-335)+135.8+(Parametri!$A$5/2) -> 184.3 | H73: =(E73-192)-('Dati (2)'!A73-Parametri!$A$11)+Parametri!$A$2 -> 535 | I73: =F73 -> 0.11547005 | J73: =Parametri!$D$8 -> 0.11547005
A74: =A73+4 -> 379 | D74: =B74+2*E74 -> 1721 | E74: 860.5 | F74: =IF(C74=0, Parametri!$D$8, ABS(B74-C74)/(2*SQRT(3))) -> 0.11547005 | G74: =(A74-335)+135.8+(Parametri!$A$5/2) -> 188.3 | H74: =(E74-192)-('Dati (2)'!A74-Parametri!$A$11)+Parametri!$A$2 -> 524.5 | I74: =F74 -> 0.11547005 | J74: =Parametri!$D$8 -> 0.11547005
A75: =A74+4 -> 383 | D75: =B75+2*E75 -> 1720 | E75: 860 | F75: =IF(C75=0, Parametri!$D$8, ABS(B75-C75)/(2*SQRT(3))) -> 0.11547005 | G75: =(A75-335)+135.8+(Parametri!$A$5/2) -> 192.3 | H75: =(E75-192)-('Dati (2)'!A75-Parametri!$A$11)+Parametri!$A$2 -> 520 | I75: =F75 -> 0.11547005 | J75: =Parametri!$D$8 -> 0.11547005
A76: =A75+4 -> 387 | D76: =B76+2*E76 -> 1706 | E76: 853 | F76: =IF(C76=0, Parametri!$D$8, ABS(B76-C76)/(2*SQRT(3))) -> 0.11547005 | G76: =(A76-335)+135.8+(Parametri!$A$5/2) -> 196.3 | H76: =(E76-192)-('Dati (2)'!A76-Parametri!$A$11)+Parametri!$A$2 -> 509 | I76: =F76 -> 0.11547005 | J76: =Parametri!$D$8 -> 0.11547005
A77: =A76+4 -> 391 | D77: =B77+2*E77 -> 1695 | E77: 847.5 | F77: =IF(C77=0, Parametri!$D$8, ABS(B77-C77)/(2*SQRT(3))) -> 0.11547005 | G77: =(A77-335)+135.8+(Parametri!$A$5/2) -> 200.3 | H77: =(E77-192)-('Dati (2)'!A77-Parametri!$A$11)+Parametri!$A$2 -> 499.5 | I77: =F77 -> 0.11547005 | J77: =Parametri!$D$8 -> 0.11547005
A78: =A77+4 -> 395 | D78: =B78+2*E78 -> 1696 | E78: 848 | F78: =IF(C78=0, Parametri!$D$8, ABS(B78-C78)/(2*SQRT(3))) -> 0.11547005 | G78: =(A78-335)+135.8+(Parametri!$A$5/2) -> 204.3 | H78: =(E78-192)-('Dati (2)'!A78-Parametri!$A$11)+Parametri!$A$2 -> 496 | I78: =F78 -> 0.11547005 | J78: =Parametri!$D$8 -> 0.11547005
A79: =A78+4 -> 399 | D79: =B79+2*E79 -> 1685 | E79: 842.5 | F79: =IF(C79=0, Parametri!$D$8, ABS(B79-C79)/(2*SQRT(3))) -> 0.11547005 | G79: =(A79-335)+135.8+(Parametri!$A$5/2) -> 208.3 | H79: =(E79-192)-('Dati (2)'!A79-Parametri!$A$11)+Parametri!$A$2 -> 486.5 | I79: =F79 -> 0.11547005 | J79: =Parametri!$D$8 -> 0.11547005
A80: =A79+4 -> 403 | D80: =B80+2*E80 -> 1682 | E80: 841 | F80: =IF(C80=0, Parametri!$D$8, ABS(B80-C80)/(2*SQRT(3))) -> 0.11547005 | G80: =(A80-335)+135.8+(Parametri!$A$5/2) -> 212.3 | H80: =(E80-192)-('Dati (2)'!A80-Parametri!$A$11)+Parametri!$A$2 -> 481 | I80: =F80 -> 0.11547005 | J80: =Parametri!$D$8 -> 0.11547005
A81: =A80+4 -> 407 | D81: =B81+2*E81 -> 1677 | E81: 838.5 | F81: =IF(C81=0, Parametri!$D$8, ABS(B81-C81)/(2*SQRT(3))) -> 0.11547005 | G81: =(A81-335)+135.8+(Parametri!$A$5/2) -> 216.3 | H81: =(E81-192)-('Dati (2)'!A81-Parametri!$A$11)+Parametri!$A$2 -> 474.5 | I81: =F81 -> 0.11547005 | J81: =Parametri!$D$8 -> 0.11547005
A82: =A81+5 -> 412 | D82: =B82+2*E82 -> 1683 | E82: 841.5 | F82: =IF(C82=0, Parametri!$D$8, ABS(B82-C82)/(2*SQRT(3))) -> 0.11547005 | G82: =(A82-335)+135.8+(Parametri!$A$5/2) -> 221.3 | H82: =(E82-192)-('Dati (2)'!A82-Parametri!$A$11)+Parametri!$A$2 -> 472.5 | I82: =F82 -> 0.11547005 | J82: =Parametri!$D$8 -> 0.11547005
A83: =A82+5 -> 417 | D83: =B83+2*E83 -> 1684 | E83: 842 | F83: =IF(C83=0, Parametri!$D$8, ABS(B83-C83)/(2*SQRT(3))) -> 0.11547005 | G83: =(A83-335)+135.8+(Parametri!$A$5/2) -> 226.3 | H83: =(E83-192)-('Dati (2)'!A83-Parametri!$A$11)+Parametri!$A$2 -> 468 | I83: =F83 -> 0.11547005 | J83: =Parametri!$D$8 -> 0.11547005
A84: =A83+5 -> 422 | D84: =B84+2*E84 -> 1682 | E84: 841 | F84: =IF(C84=0, Parametri!$D$8, ABS(B84-C84)/(2*SQRT(3))) -> 0.11547005 | G84: =(A84-335)+135.8+(Parametri!$A$5/2) -> 231.3 | H84: =(E84-192)-('Dati (2)'!A84-Parametri!$A$11)+Parametri!$A$2 -> 462 | I84: =F84 -> 0.11547005 | J84: =Parametri!$D$8 -> 0.11547005
A85: =A84+5 -> 427 | D85: =B85+2*E85 -> 1681 | E85: 840.5 | F85: =IF(C85=0, Parametri!$D$8, ABS(B85-C85)/(2*SQRT(3))) -> 0.11547005 | G85: =(A85-335)+135.8+(Parametri!$A$5/2) -> 236.3 | H85: =(E85-192)-('Dati (2)'!A85-Parametri!$A$11)+Parametri!$A$2 -> 456.5 | I85: =F85 -> 0.11547005 | J85: =Parametri!$D$8 -> 0.11547005
A86: =A85+5 -> 432 | D86: =B86+2*E86 -> 1680 | E86: 840 | F86: =IF(C86=0, Parametri!$D$8, ABS(B86-C86)/(2*SQRT(3))) -> 0.11547005 | G86: =(A86-335)+135.8+(Parametri!$A$5/2) -> 241.3 | H86: =(E86-192)-('Dati (2)'!A86-Parametri!$A$11)+Parametri!$A$2 -> 451 | I86: =F86 -> 0.11547005 | J86: =Parametri!$D$8 -> 0.11547005
A87: =A86+5 -> 437 | D87: =B87+2*E87 -> 1680 | E87: 840 | F87: =IF(C87=0, Parametri!$D$8, ABS(B87-C87)/(2*SQRT(3))) -> 0.11547005 | G87: =(A87-335)+135.8+(Parametri!$A$5/2) -> 246.3 | H87: =(E87-192)-('Dati (2)'!A87-Parametri!$A$11)+Parametri!$A$2 -> 446 | I87: =F87 -> 0.11547005 | J87: =Parametri!$D$8 -> 0.11547005
A88: =A87+5 -> 442 | D88: =B88+2*E88 -> 1680 | E88: 840 | F88: =IF(C88=0, Parametri!$D$8, ABS(B88-C88)/(2*SQRT(3))) -> 0.11547005 | G88: =(A88-335)+135.8+(Parametri!$A$5/2) -> 251.3 | H88: =(E88-192)-('Dati (2)'!A88-Parametri!$A$11)+Parametri!$A$2 -> 441 | I88: =F88 -> 0.11547005 | J88: =Parametri!$D$8 -> 0.11547005
A89: =A88+5 -> 447 | D89: =B89+2*E89 -> 1680 | E89: 840 | F89: =IF(C89=0, Parametri!$D$8, ABS(B89-C89)/(2*SQRT(3))) -> 0.11547005 | G89: =(A89-335)+135.8+(Parametri!$A$5/2) -> 256.3 | H89: =(E89-192)-('Dati (2)'!A89-Parametri!$A$11)+Parametri!$A$2 -> 436 | I89: =F89 -> 0.11547005 | J89: =Parametri!$D$8 -> 0.11547005
A90: =A89+7 -> 454 | D90: =B90+2*E90 -> 1680 | E90: 840 | F90: =IF(C90=0, Parametri!$D$8, ABS(B90-C90)/(2*SQRT(3))) -> 0.11547005 | G90: =(A90-335)+135.8+(Parametri!$A$5/2) -> 263.3 | H90: =(E90-192)-('Dati (2)'!A90-Parametri!$A$11)+Parametri!$A$2 -> 429 | I90: =F90 -> 0.11547005 | J90: =Parametri!$D$8 -> 0.11547005
A91: =A90+7 -> 461 | D91: =B91+2*E91 -> 1683 | E91: 841.5 | F91: =IF(C91=0, Parametri!$D$8, ABS(B91-C91)/(2*SQRT(3))) -> 0.11547005 | G91: =(A91-335)+135.8+(Parametri!$A$5/2) -> 270.3 | H91: =(E91-192)-('Dati (2)'!A91-Parametri!$A$11)+Parametri!$A$2 -> 423.5 | I91: =F91 -> 0.11547005 | J91: =Parametri!$D$8 -> 0.11547005
A92: =A91+7 -> 468 | D92: =B92+2*E92 -> 1692 | E92: 846 | F92: =IF(C92=0, Parametri!$D$8, ABS(B92-C92)/(2*SQRT(3))) -> 0.11547005 | G92: =(A92-335)+135.8+(Parametri!$A$5/2) -> 277.3 | H92: =(E92-192)-('Dati (2)'!A92-Parametri!$A$11)+Parametri!$A$2 -> 421 | I92: =F92 -> 0.11547005 | J92: =Parametri!$D$8 -> 0.11547005
A93: =A92+7 -> 475 | D93: =B93+2*E93 -> 1689 | E93: 844.5 | F93: =IF(C93=0, Parametri!$D$8, ABS(B93-C93)/(2*SQRT(3))) -> 0.11547005 | G93: =(A93-335)+135.8+(Parametri!$A$5/2) -> 284.3 | H93: =(E93-192)-('Dati (2)'!A93-Parametri!$A$11)+Parametri!$A$2 -> 412.5 | I93: =F93 -> 0.11547005 | J93: =Parametri!$D$8 -> 0.11547005
A94: =A93+10 -> 485 | D94: =B94+2*E94 -> 1700 | E94: 850 | F94: =IF(C94=0, Parametri!$D$8, ABS(B94-C94)/(2*SQRT(3))) -> 0.11547005 | G94: =(A94-335)+135.8+(Parametri!$A$5/2) -> 294.3 | H94: =(E94-192)-('Dati (2)'!A94-Parametri!$A$11)+Parametri!$A$2 -> 408 | I94: =F94 -> 0.11547005 | J94: =Parametri!$D$8 -> 0.11547005
A95: =A94+10 -> 495 | D95: =B95+2*E95 -> 1706 | E95: 853 | F95: =IF(C95=0, Parametri!$D$8, ABS(B95-C95)/(2*SQRT(3))) -> 0.11547005 | G95: =(A95-335)+135.8+(Parametri!$A$5/2) -> 304.3 | H95: =(E95-192)-('Dati (2)'!A95-Parametri!$A$11)+Parametri!$A$2 -> 401 | I95: =F95 -> 0.11547005 | J95: =Parametri!$D$8 -> 0.11547005
A96: =A95+10 -> 505 | D96: =B96+2*E96 -> 1712 | E96: 856 | F96: =IF(C96=0, Parametri!$D$8, ABS(B96-C96)/(2*SQRT(3))) -> 0.11547005 | G96: =(A96-335)+135.8+(Parametri!$A$5/2) -> 314.3 | H96: =(E96-192)-('Dati (2)'!A96-Parametri!$A$11)+Parametri!$A$2 -> 394 | I96: =F96 -> 0.11547005 | J96: =Parametri!$D$8 -> 0.11547005
A97: =A96+10 -> 515 | D97: =B97+2*E97 -> 1718 | E97: 859 | F97: =IF(C97=0, Parametri!$D$8, ABS(B97-C97)/(2*SQRT(3))) -> 0.11547005 | G97: =(A97-335)+135.8+(Parametri!$A$5/2) -> 324.3 | H97: =(E97-192)-('Dati (2)'!A97-Parametri!$A$11)+Parametri!$A$2 -> 387 | I97: =F97 -> 0.11547005 | J97: =Parametri!$D$8 -> 0.11547005
A98: =A97+10 -> 525 | D98: =B98+2*E98 -> 1717 | E98: 858.5 | F98: =IF(C98=0, Parametri!$D$8, ABS(B98-C98)/(2*SQRT(3))) -> 0.11547005 | G98: =(A98-335)+135.8+(Parametri!$A$5/2) -> 334.3 | H98: =(E98-192)-('Dati (2)'!A98-Parametri!$A$11)+Parametri!$A$2 -> 376.5 | I98: =F98 -> 0.11547005 | J98: =Parametri!$D$8 -> 0.11547005
A99: =A98+10 -> 535 | D99: =B99+2*E99 -> 1749 | E99: 874.5 | F99: =IF(C99=0, Parametri!$D$8, ABS(B99-C99)/(2*SQRT(3))) -> 0.11547005 | G99: =(A99-335)+135.8+(Parametri!$A$5/2) -> 344.3 | H99: =(E99-192)-('Dati (2)'!A99-Parametri!$A$11)+Parametri!$A$2 -> 382.5 | I99: =F99 -> 0.11547005 | J99: =Parametri!$D$8 -> 0.11547005
A100: =A99+10 -> 545 | D100: =B100+2*E100 -> 1753 | E100: 876.5 | F100: =IF(C100=0, Parametri!$D$8, ABS(B100-C100)/(2*SQRT(3))) -> 0.11547005 | G100: =(A100-335)+135.8+(Parametri!$A$5/2) -> 354.3 | H100: =(E100-192)-('Dati (2)'!A100-Parametri!$A$11)+Parametri!$A$2 -> 374.5 | I100: =F100 -> 0.11547005 | J100: =Parametri!$D$8 -> 0.11547005
A101: =A100+10 -> 555 | D101: =B101+2*E101 -> 1768 | E101: 884 | F101: =IF(C101=0, Parametri!$D$8, ABS(B101-C101)/(2*SQRT(3))) -> 0.11547005 | G101: =(A101-335)+135.8+(Parametri!$A$5/2) -> 364.3 | H101: =(E101-192)-('Dati (2)'!A101-Parametri!$A$11)+Parametri!$A$2 -> 372 | I101: =F101 -> 0.11547005 | J101: =Parametri!$D$8 -> 0.11547005
A102: =A101+10 -> 565 | D102: =B102+2*E102 -> 1778 | E102: 889 | F102: =IF(C102=0, Parametri!$D$8, ABS(B102-C102)/(2*SQRT(3))) -> 0.11547005 | G102: =(A102-335)+135.8+(Parametri!$A$5/2) -> 374.3 | H102: =(E102-192)-('Dati (2)'!A102-Parametri!$A$11)+Parametri!$A$2 -> 367 | I102: =F102 -> 0.11547005 | J102: =Parametri!$D$8 -> 0.11547005
A103: =A102+10 -> 575 | D103: =B103+2*E103 -> 1789 | E103: 894.5 | F103: =IF(C103=0, Parametri!$D$8, ABS(B103-C103)/(2*SQRT(3))) -> 0.11547005 | G103: =(A103-335)+135.8+(Parametri!$A$5/2) -> 384.3 | H103: =(E103-192)-('Dati (2)'!A103-Parametri!$A$11)+Parametri!$A$2 -> 362.5 | I103: =F103 -> 0.11547005 | J103: =Parametri!$D$8 -> 0.11547005
A104: =A103+20 -> 595 | D104: =B104+2*E104 -> 1813 | E104: 906.5 | F104: =IF(C104=0, Parametri!$D$8, ABS(B104-C104)/(2*SQRT(3))) -> 0.11547005 | G104: =(A104-335)+135.8+(Parametri!$A$5/2) -> 404.3 | H104: =(E104-192)-('Dati (2)'!A104-Parametri!$A$11)+Parametri!$A$2 -> 354.5 | I104: =F104 -> 0.11547005 | J104: =Parametri!$D$8 -> 0.11547005
A105: =A104+20 -> 615 | D105: =B105+2*E105 -> 1849 | E105: 924.5 | F105: =IF(C105=0, Parametri!$D$8, ABS(B105-C105)/(2*SQRT(3))) -> 0.11547005 | G105: =(A105-335)+135.8+(Parametri!$A$5/2) -> 424.3 | H105: =(E105-192)-('Dati (2)'!A105-Parametri!$A$11)+Parametri!$A$2 -> 352.5 | I105: =F105 -> 0.11547005 | J105: =Parametri!$D$8 -> 0.11547005
A106: =A105+20 -> 635 | D106: =B106+2*E106 -> 1875 | E106: 937.5 | F106: =IF(C106=0, Parametri!$D$8, ABS(B106-C106)/(2*SQRT(3))) -> 0.11547005 | G106: =(A106-335)+135.8+(Parametri!$A$5/2) -> 444.3 | H106: =(E106-192)-('Dati (2)'!A106-Parametri!$A$11)+Parametri!$A$2 -> 345.5 | I106: =F106 -> 0.11547005 | J106: =Parametri!$D$8 -> 0.11547005
A107: =A106+20 -> 655 | D107: =B107+2*E107 -> 1904 | E107: 952 | F107: =IF(C107=0, Parametri!$D$8, ABS(B107-C107)/(2*SQRT(3))) -> 0.11547005 | G107: =(A107-335)+135.8+(Parametri!$A$5/2) -> 464.3 | H107: =(E107-192)-('Dati (2)'!A107-Parametri!$A$11)+Parametri!$A$2 -> 340 | I107: =F107 -> 0.11547005 | J107: =Parametri!$D$8 -> 0.11547005
A108: =A107+20 -> 675 | D108: =B108+2*E108 -> 1937 | E108: 968.5 | F108: =IF(C108=0, Parametri!$D$8, ABS(B108-C108)/(2*SQRT(3))) -> 0.11547005 | G108: =(A108-335)+135.8+(Parametri!$A$5/2) -> 484.3 | H108: =(E108-192)-('Dati (2)'!A108-Parametri!$A$11)+Parametri!$A$2 -> 336.5 | I108: =F108 -> 0.11547005 | J108: =Parametri!$D$8 -> 0.11547005
A109: =A108+20 -> 695 | D109: =B109+2*E109 -> 1969 | E109: 984.5 | F109: =IF(C109=0, Parametri!$D$8, ABS(B109-C109)/(2*SQRT(3))) -> 0.11547005 | G109: =(A109-335)+135.8+(Parametri!$A$5/2) -> 504.3 | H109: =(E109-192)-('Dati (2)'!A109-Parametri!$A$11)+Parametri!$A$2 -> 332.5 | I109: =F109 -> 0.11547005 | J109: =Parametri!$D$8 -> 0.11547005
A110: =A109+20 -> 715 | D110: =B110+2*E110 -> 2002 | E110: 1001 | F110: =IF(C110=0, Parametri!$D$8, ABS(B110-C110)/(2*SQRT(3))) -> 0.11547005 | G110: =(A110-335)+135.8+(Parametri!$A$5/2) -> 524.3 | H110: =(E110-192)-('Dati (2)'!A110-Parametri!$A$11)+Parametri!$A$2 -> 329 | I110: =F110 -> 0.11547005 | J110: =Parametri!$D$8 -> 0.11547005
A111: =A110+20 -> 735 | D111: =B111+2*E111 -> 2034 | E111: 1017 | F111: =IF(C111=0, Parametri!$D$8, ABS(B111-C111)/(2*SQRT(3))) -> 0.11547005 | G111: =(A111-335)+135.8+(Parametri!$A$5/2) -> 544.3 | H111: =(E111-192)-('Dati (2)'!A111-Parametri!$A$11)+Parametri!$A$2 -> 325 | I111: =F111 -> 0.11547005 | J111: =Parametri!$D$8 -> 0.11547005
A112: =A111+20 -> 755 | D112: =B112+2*E112 -> 2067 | E112: 1033.5 | F112: =IF(C112=0, Parametri!$D$8, ABS(B112-C112)/(2*SQRT(3))) -> 0.11547005 | G112: =(A112-335)+135.8+(Parametri!$A$5/2) -> 564.3 | H112: =(E112-192)-('Dati (2)'!A112-Parametri!$A$11)+Parametri!$A$2 -> 321.5 | I112: =F112 -> 0.11547005 | J112: =Parametri!$D$8 -> 0.11547005
A113: =A112+20 -> 775 | D113: =B113+2*E113 -> 2100 | E113: 1050 | F113: =IF(C113=0, Parametri!$D$8, ABS(B113-C113)/(2*SQRT(3))) -> 0.11547005 | G113: =(A113-335)+135.8+(Parametri!$A$5/2) -> 584.3 | H113: =(E113-192)-('Dati (2)'!A113-Parametri!$A$11)+Parametri!$A$2 -> 318 | I113: =F113 -> 0.11547005 | J113: =Parametri!$D$8 -> 0.11547005
A114: =A113+50 -> 825 | D114: =B114+2*E114 -> 2187 | E114: 1093.5 | F114: =IF(C114=0, Parametri!$D$8, ABS(B114-C114)/(2*SQRT(3))) -> 0.11547005 | G114: =(A114-335)+135.8+(Parametri!$A$5/2) -> 634.3 | H114: =(E114-192)-('Dati (2)'!A114-Parametri!$A$11)+Parametri!$A$2 -> 311.5 | I114: =F114 -> 0.11547005 | J114: =Parametri!$D$8 -> 0.11547005
A115: =A114+50 -> 875 | D115: =B115+2*E115 -> 2276 | E115: 1138 | F115: =IF(C115=0, Parametri!$D$8, ABS(B115-C115)/(2*SQRT(3))) -> 0.11547005 | G115: =(A115-335)+135.8+(Parametri!$A$5/2) -> 684.3 | H115: =(E115-192)-('Dati (2)'!A115-Parametri!$A$11)+Parametri!$A$2 -> 306 | I115: =F115 -> 0.11547005 | J115: =Parametri!$D$8 -> 0.11547005
A116: =A115+50 -> 925 | D116: =B116+2*E116 -> 2369 | E116: 1184.5 | F116: =IF(C116=0, Parametri!$D$8, ABS(B116-C116)/(2*SQRT(3))) -> 0.11547005 | G116: =(A116-335)+135.8+(Parametri!$A$5/2) -> 734.3 | H116: =(E116-192)-('Dati (2)'!A116-Parametri!$A$11)+Parametri!$A$2 -> 302.5 | I116: =F116 -> 0.11547005 | J116: =Parametri!$D$8 -> 0.11547005
A117: =A116+50 -> 975 | D117: =B117+2*E117 -> 2456 | E117: 1228 | F117: =IF(C117=0, Parametri!$D$8, ABS(B117-C117)/(2*SQRT(3))) -> 0.11547005 | G117: =(A117-335)+135.8+(Parametri!$A$5/2) -> 784.3 | H117: =(E117-192)-('Dati (2)'!A117-Parametri!$A$11)+Parametri!$A$2 -> 296 | I117: =F117 -> 0.11547005 | J117: =Parametri!$D$8 -> 0.11547005
A118: =A117+50 -> 1025 | D118: =B118+2*E118 -> 2550 | E118: 1275 | F118: =IF(C118=0, Parametri!$D$8, ABS(B118-C118)/(2*SQRT(3))) -> 0.11547005 | G118: =(A118-335)+135.8+(Parametri!$A$5/2) -> 834.3 | H118: =(E118-192)-('Dati (2)'!A118-Parametri!$A$11)+Parametri!$A$2 -> 293 | I118: =F118 -> 0.11547005 | J118: =Parametri!$D$8 -> 0.11547005
A119: =A118+50 -> 1075 | D119: =B119+2*E119 -> 2646 | E119: 1323 | F119: =IF(C119=0, Parametri!$D$8, ABS(B119-C119)/(2*SQRT(3))) -> 0.11547005 | G119: =(A119-335)+135.8+(Parametri!$A$5/2) -> 884.3 | H119: =(E119-192)-('Dati (2)'!A119-Parametri!$A$11)+Parametri!$A$2 -> 291 | I119: =F119 -> 0.11547005 | J119: =Parametri!$D$8 -> 0.11547005
A120: =A119+100 -> 1175 | D120: =B120+2*E120 -> 2836 | E120: 1418 | F120: =IF(C120=0, Parametri!$D$8, ABS(B120-C120)/(2*SQRT(3))) -> 0.11547005 | G120: =(A120-335)+135.8+(Parametri!$A$5/2) -> 984.3 | H120: =(E120-192)-('Dati (2)'!A120-Parametri!$A$11)+Parametri!$A$2 -> 286 | I120: =F120 -> 0.11547005 | J120: =Parametri!$D$8 -> 0.11547005
A121: =A120+100 -> 1275 | D121: =B121+2*E121 -> 3020 | E121: 1510 | F121: =IF(C121=0, Parametri!$D$8, ABS(B121-C121)/(2*SQRT(3))) -> 0.11547005 | G121: =(A121-335)+135.8+(Parametri!$A$5/2) -> 1084.3 | H121: =(E121-192)-('Dati (2)'!A121-Parametri!$A$11)+Parametri!$A$2 -> 278 | I121: =F121 -> 0.11547005 | J121: =Parametri!$D$8 -> 0.11547005
A122: =A121+100 -> 1375 | D122: =B122+2*E122 -> 3218 | E122: 1609 | F122: =IF(C122=0, Parametri!$D$8, ABS(B122-C122)/(2*SQRT(3))) -> 0.11547005 | G122: =(A122-335)+135.8+(Parametri!$A$5/2) -> 1184.3 | H122: =(E122-192)-('Dati (2)'!A122-Parametri!$A$11)+Parametri!$A$2 -> 277 | I122: =F122 -> 0.11547005 | J122: =Parametri!$D$8 -> 0.11547005
A123: =A122+100 -> 1475 | D123: =B123+2*E123 -> 3414 | E123: 1707 | F123: =IF(C123=0, Parametri!$D$8, ABS(B123-C123)/(2*SQRT(3))) -> 0.11547005 | G123: =(A123-335)+135.8+(Parametri!$A$5/2) -> 1284.3 | H123: =(E123-192)-('Dati (2)'!A123-Parametri!$A$11)+Parametri!$A$2 -> 275 | I123: =F123 -> 0.11547005 | J123: =Parametri!$D$8 -> 0.11547005
A124: =A123+100 -> 1575 | D124: =B124+2*E124 -> 3606 | E124: 1803 | F124: =IF(C124=0, Parametri!$D$8, ABS(B124-C124)/(2*SQRT(3))) -> 0.11547005 | G124: =(A124-335)+135.8+(Parametri!$A$5/2) -> 1384.3 | H124: =(E124-192)-('Dati (2)'!A124-Parametri!$A$11)+Parametri!$A$2 -> 271 | I124: =F124 -> 0.11547005 | J124: =Parametri!$D$8 -> 0.11547005
A125: =A124+100 -> 1675 | D125: =B125+2*E125 -> 3804 | E125: 1902 | F125: =IF(C125=0, Parametri!$D$8, ABS(B125-C125)/(2*SQRT(3))) -> 0.11547005 | G125: =(A125-335)+135.8+(Parametri!$A$5/2) -> 1484.3 | H125: =(E125-192)-('Dati (2)'!A125-Parametri!$A$11)+Parametri!$A$2 -> 270 | I125: =F125 -> 0.11547005 | J125: =Parametri!$D$8 -> 0.11547005
