Workbook

Sheet Parametri
A1: L | B1: err_L | C1: sigma_L
A4: D | B4: err_D | C4: sigma_D
A7: y_0 | B7: err_y0 | C7: sigma_y0 | D7: sigma_y
B8: 0.2 | C8: =B8/SQRT(3) -> 0.11547005 | D8: =B8/SQRT(3) -> 0.11547005
A10: x_0 | B10: err_x0 | C10: sigma_x0 | D10: sigma_x
B11: 0.2 | C11: =B11/SQRT(3) -> 0.11547005 | D11: =B11/SQRT(3) -> 0.11547005

Sheet Dati
A1: x | B1: y_max | C1: y_min | D1: y | E1: sigma_y | F1: p | G1: q | H1: sigma_p | I1: sigma_q
D2: {=IF(C2=0, B2, MEAN(B2:C2))} -> 0 | E2: =IF(C2=0, Parametri!$D$8, ABS(B2-C2)/(2*SQRT(3))) -> 0.11547005 | F2: =(A2-Parametri!$A$11)+Parametri!$A$2+(Parametri!$A$5/2) -> 0 | G2: =(B2-Parametri!$A$8)-(Dati!A2-Parametri!$A$11)+Parametri!$A$2 -> 0 | H2: =E2 -> 0.11547005 | I2: =Parametri!$D$8 -> 0.11547005
D3: {=IF(C3=0, B3, MEAN(B3:C3))} -> 0 | E3: =IF(C3=0, Parametri!$D$8, ABS(B3-C3)/(2*SQRT(3))) -> 0.11547005 | F3: =(A3-Parametri!$A$11)+Parametri!$A$2+(Parametri!$A$5/2) -> 0 | G3: =(B3-Parametri!$A$8)-(Dati!A3-Parametri!$A$11)+Parametri!$A$2 -> 0 | H3: =E3 -> 0.11547005 | I3: =Parametri!$D$8 -> 0.11547005
D4: {=IF(C4=0, B4, MEAN(B4:C4))} -> 0 | E4: =IF(C4=0, Parametri!$D$8, ABS(B4-C4)/(2*SQRT(3))) -> 0.11547005 | F4: =(A4-Parametri!$A$11)+Parametri!$A$2+(Parametri!$A$5/2) -> 0 | G4: =(B4-Parametri!$A$8)-(Dati!A4-Parametri!$A$11)+Parametri!$A$2 -> 0 | H4: =E4 -> 0.11547005 | I4: =Parametri!$D$8 -> 0.11547005
D5: {=IF(C5=0, B5, MEAN(B5:C5))} -> 0 | E5: =IF(C5=0, Parametri!$D$8, ABS(B5-C5)/(2*SQRT(3))) -> 0.11547005 | F5: =(A5-Parametri!$A$11)+Parametri!$A$2+(Parametri!$A$5/2) -> 0 | G5: =(B5-Parametri!$A$8)-(Dati!A5-Parametri!$A$11)+Parametri!$A$2 -> 0 | H5: =E5 -> 0.11547005 | I5: =Parametri!$D$8 -> 0.11547005
D6: {=IF(C6=0, B6, MEAN(B6:C6))} -> 0 | E6: =IF(C6=0, Parametri!$D$8, ABS(B6-C6)/(2*SQRT(3))) -> 0.11547005 | F6: =(A6-Parametri!$A$11)+Parametri!$A$2+(Parametri!$A$5/2) -> 0 | G6: =(B6-Parametri!$A$8)-(Dati!A6-Parametri!$A$11)+Parametri!$A$2 -> 0 | H6: =E6 -> 0.11547005 | I6: =Parametri!$D$8 -> 0.11547005
D7: {=IF(C7=0, B7, MEAN(B7:C7))} -> 0 | E7: =IF(C7=0, Parametri!$D$8, ABS(B7-C7)/(2*SQRT(3))) -> 0.11547005 | F7: =(A7-Parametri!$A$11)+Parametri!$A$2+(Parametri!$A$5/2) -> 0 | G7: =(B7-Parametri!$A$8)-(Dati!A7-Parametri!$A$11)+Parametri!$A$2 -> 0 | H7: =E7 -> 0.11547005 | I7: =Parametri!$D$8 -> 0.11547005
D8: {=IF(C8=0, B8, MEAN(B8:C8))} -> 0 | E8: =IF(C8=0, Parametri!$D$8, ABS(B8-C8)/(2*SQRT(3))) -> 0.11547005 | F8: =(A8-Parametri!$A$11)+Parametri!$A$2+(Parametri!$A$5/2) -> 0 | G8: =(B8-Parametri!$A$8)-(Dati!A8-Parametri!$A$11)+Parametri!$A$2 -> 0 | H8: =E8 -> 0.11547005 | I8: =Parametri!$D$8 -> 0.11547005
D9: {=IF(C9=0, B9, MEAN(B9:C9))} -> 0 | E9: =IF(C9=0, Parametri!$D$8, ABS(B9-C9)/(2*SQRT(3))) -> 0.11547005 | F9: =(A9-Parametri!$A$11)+Parametri!$A$2+(Parametri!$A$5/2) -> 0 | G9: =(B9-Parametri!$A$8)-(Dati!A9-Parametri!$A$11)+Parametri!$A$2 -> 0 | H9: =E9 -> 0.11547005 | I9: =Parametri!$D$8 -> 0.11547005
D10: {=IF(C10=0, B10, MEAN(B10:C10))} -> 0 | E10: =IF(C10=0, Parametri!$D$8, ABS(B10-C10)/(2*SQRT(3))) -> 0.11547005 | F10: =(A10-Parametri!$A$11)+Parametri!$A$2+(Parametri!$A$5/2) -> 0 | G10: =(B10-Parametri!$A$8)-(Dati!A10-Parametri!$A$11)+Parametri!$A$2 -> 0 | H10: =E10 -> 0.11547005 | I10: =Parametri!$D$8 -> 0.11547005
D11: {=IF(C11=0, B11, MEAN(B11:C11))} -> 0 | E11: =IF(C11=0, Parametri!$D$8, ABS(B11-C11)/(2*SQRT(3))) -> 0.11547005 | F11: =(A11-Parametri!$A$11)+Parametri!$A$2+(Parametri!$A$5/2) -> 0 | G11: =(B11-Parametri!$A$8)-(Dati!A11-Parametri!$A$11)+Parametri!$A$2 -> 0 | H11: =E11 -> 0.11547005 | I11: =Parametri!$D$8 -> 0.11547005
D12: {=IF(C12=0, B12, MEAN(B12:C12))} -> 0 | E12: =IF(C12=0, Parametri!$D$8, ABS(B12-C12)/(2*SQRT(3))) -> 0.11547005 | F12: =(A12-Parametri!$A$11)+Parametri!$A$2+(Parametri!$A$5/2) -> 0 | G12: =(B12-Parametri!$A$8)-(Dati!A12-Parametri!$A$11)+Parametri!$A$2 -> 0 | H12: =E12 -> 0.11547005 | I12: =Parametri!$D$8 -> 0.11547005
D13: {=IF(C13=0, B13, MEAN(B13:C13))} -> 0 | E13: =IF(C13=0, Parametri!$D$8, ABS(B13-C13)/(2*SQRT(3))) -> 0.11547005 | F13: =(A13-Parametri!$A$11)+Parametri!$A$2+(Parametri!$A$5/2) -> 0 | G13: =(B13-Parametri!$A$8)-(Dati!A13-Parametri!$A$11)+Parametri!$A$2 -> 0 | H13: =E13 -> 0.11547005 | I13: =Parametri!$D$8 -> 0.11547005
... D130: {=IF(C130=0, B130, MEAN(B130:C130))} -> 0 | E130: =IF(C130=0, Parametri!$D$8, ABS(B130-C130)/(2*SQRT(3))) -> 0.11547005 | F130: =(A130-Parametri!$A$11)+Parametri!$A$2+(Parametri!$A$5/2) -> 0 | G130: =(B130-Parametri!$A$8)-(Dati!A130-Parametri!$A$11)+Parametri!$A$2 -> 0 | H130: =E130 -> 0.11547005 | I130: =Parametri!$D$8 -> 0.11547005
