Workbook

Sheet Parametri
A1: err_θ | B1: err_V
A2: =1 -> 1 | B2: 0.02
A3: err_θ [rad]
A4: =A2*PI()/180 -> 0.017453293

Sheet Dati
A1: θ [gradi] | B1: θ [rad] | C1: V | D1: sigma_θ | E1: sigma_V | F1: err_V (se balla)
A2: =0 -> 0 | B2: =A2*PI()/180 -> 0 | C2: 4.82 | D2: =Parametri!$A$4/SQRT(3) -> 0.010076663 | E2: =Parametri!$B$2/SQRT(3) -> 0.011547005
A3: =A2+2 -> 2 | B3: =A3*PI()/180 -> 0.034906585 | C3: 4.8 | D3: =Parametri!$A$4/SQRT(3) -> 0.010076663 | E3: =Parametri!$B$2/SQRT(3) -> 0.011547005
A4: =A3+2 -> 4 | B4: =A4*PI()/180 -> 0.06981317 | C4: 4.77 | D4: =Parametri!$A$4/SQRT(3) -> 0.010076663 | E4: =Parametri!$B$2/SQRT(3) -> 0.011547005
A5: =A4+2 -> 6 | B5: =A5*PI()/180 -> 0.10471976 | C5: 4.78 | D5: =Parametri!$A$4/SQRT(3) -> 0.010076663 | E5: =Parametri!$B$2/SQRT(3) -> 0.011547005
A6: =A5+2 -> 8 | B6: =A6*PI()/180 -> 0.13962634 | C6: 4.74 | D6: =Parametri!$A$4/SQRT(3) -> 0.010076663 | E6: =Parametri!$B$2/SQRT(3) -> 0.011547005
A7: =A6+2 -> 10 | B7: =A7*PI()/180 -> 0.17453293 | C7: 4.71 | D7: =Parametri!$A$4/SQRT(3) -> 0.010076663 | E7: =Parametri!$B$2/SQRT(3) -> 0.011547005
A8: =A7+2 -> 12 | B8: =A8*PI()/180 -> 0.20943951 | C8: 4.68 | D8: =Parametri!$A$4/SQRT(3) -> 0.010076663 | E8: =Parametri!$B$2/SQRT(3) -> 0.011547005
A9: =A8+2 -> 14 | B9: =A9*PI()/180 -> 0.2443461 | C9: 4.66 | D9: =Parametri!$A$4/SQRT(3) -> 0.010076663 | E9: =Parametri!$B$2/SQRT(3) -> 0.011547005
A10: =A9+2 -> 16 | B10: =A10*PI()/180 -> 0.27925268 | C10: 4.62 | D10: =Parametri!$A$4/SQRT(3) -> 0.010076663 | E10: =Parametri!$B$2/SQRT(3) -> 0.011547005
A11: =A10+2 -> 18 | B11: =A11*PI()/180 -> 0.31415927 | C11: 4.59 | D11: =Parametri!$A$4/SQRT(3) -> 0.010076663 | E11: =Parametri!$B$2/SQRT(3) -> 0.011547005
A12: =A11+2 -> 20 | B12: =A12*PI()/180 -> 0.34906585 | C12: 4.56 | D12: =Parametri!$A$4/SQRT(3) -> 0.010076663 | E12: =Parametri!$B$2/SQRT(3) -> 0.011547005
A13: =A12+2 -> 22 | B13: =A13*PI()/180 -> 0.38397244 | C13: 4.51 | D13: =Parametri!$A$4/SQRT(3) -> 0.010076663 | E13: =Parametri!$B$2/SQRT(3) -> 0.011547005
A14: =A13+2 -> 24 | B14: =A14*PI()/180 -> 0.41887902 | C14: 4.46 | D14: =Parametri!$A$4/SQRT(3) -> 0.010076663 | E14: =Parametri!$B$2/SQRT(3) -> 0.011547005
... A201: =A200+2 -> 398 | B201: =A201*PI()/180 -> 6.9464104 | C201: 4.05 | D201: =Parametri!$A$4/SQRT(3) -> 0.010076663 | E201: =Parametri!$B$2/SQRT(3) -> 0.011547005
