Workbook

Sheet Parametri
A1: L | B1: err_L | C1: sigma_L
A4: D | B4: err_D | C4: sigma_D
A7: y_0 | B7: err_y0 | C7: sigma_y0 | D7: sigma_y
B8: 0.2 | C8: =B8/SQRT(3) -> 0.11547005 | D8: =B8/SQRT(3) -> 0.11547005
A10: x_0 | B10: err_x0 | C10: sigma_x0 | D10: sigma_x
B11: 0.2 | C11: =B11/SQRT(3) -> 0.11547005 | D11: =B11/SQRT(3) -> 0.11547005

Sheet Dati (2)
A1: x | B1: y_min | C1: y_max | D1: y_max2 | E1: y | F1: sigma_y | G1: p | H1: q | I1: sigma_p | J1: sigma_q
A2: 270 | D2: =B2+2*E2 -> 3950 | E2: 1975 | F2: =IF(C2=0, Parametri!$D$8, ABS(B2-C2)/(2*SQRT(3))) -> 0.11547005 | G2: =(A2-335)+135.8+(Parametri!$A$5/2) -> 70.8 | H2: =(E2-192)-('Dati (2)'!A2-Parametri!$A$11)+Parametri!$A$2 -> 1513 | I2: =F2 -> 0.11547005 | J2: =Parametri!$D$8 -> 0.11547005
A3: =A2+1 -> 271 | D3: =B3+2*E3 -> 3950 | E3: 1975 | F3: =IF(C3=0, Parametri!$D$8, ABS(B3-C3)/(2*SQRT(3))) -> 0.11547005 | G3: =(A3-335)+135.8+(Parametri!$A$5/2) -> 71.8 | H3: =(E3-192)-('Dati (2)'!A3-Parametri!$A$11)+Parametri!$A$2 -> 1512 | I3: =F3 -> 0.11547005 | J3: =Parametri!$D$8 -> 0.11547005
A4: =A3+1 -> 272 | D4: =B4+2*E4 -> 3824 | E4: 1912 | F4: =IF(C4=0, Parametri!$D$8, ABS(B4-C4)/(2*SQRT(3))) -> 0.11547005 | G4: =(A4-335)+135.8+(Parametri!$A$5/2) -> 72.8 | H4: =(E4-192)-('Dati (2)'!A4-Parametri!$A$11)+Parametri!$A$2 -> 1448 | I4: =F4 -> 0.11547005 | J4: =Parametri!$D$8 -> 0.11547005
A5: =A4+1 -> 273 | D5: =B5+2*E5 -> 3786 | E5: 1893 | F5: =IF(C5=0, Parametri!$D$8, ABS(B5-C5)/(2*SQRT(3))) -> 0.11547005 | G5: =(A5-335)+135.8+(Parametri!$A$5/2) -> 73.8 | H5: =(E5-192)-('Dati (2)'!A5-Parametri!$A$11)+Parametri!$A$2 -> 1428 | I5: =F5 -> 0.11547005 | J5: =Parametri!$D$8 -> 0.11547005
A6: =A5+1 -> 274 | D6: =B6+2*E6 -> 3634 | E6: 1817 | F6: =IF(C6=0, Parametri!$D$8, ABS(B6-C6)/(2*SQRT(3))) -> 0.11547005 | G6: =(A6-335)+135.8+(Parametri!$A$5/2) -> 74.8 | H6: =(E6-192)-('Dati (2)'!A6-Parametri!$A$11)+Parametri!$A$2 -> 1351 | I6: =F6 -> 0.11547005 | J6: =Parametri!$D$8 -> 0.11547005
A7: =A6+1 -> 275 | D7: =B7+2*E7 -> 3566 | E7: 1783 | F7: =IF(C7=0, Parametri!$D$8, ABS(B7-C7)/(2*SQRT(3))) -> 0.11547005 | G7: =(A7-335)+135.8+(Parametri!$A$5/2) -> 75.8 | H7: =(E7-192)-('Dati (2)'!A7-Parametri!$A$11)+Parametri!$A$2 -> 1316 | I7: =F7 -> 0.11547005 | J7: =Parametri!$D$8 -> 0.11547005
A8: =A7+1 -> 276 | D8: =B8+2*E8 -> 3447 | E8: 1723.5 | F8: =IF(C8=0, Parametri!$D$8, ABS(B8-C8)/(2*SQRT(3))) -> 0.11547005 | G8: =(A8-335)+135.8+(Parametri!$A$5/2) -> 76.8 | H8: =(E8-192)-('Dati (2)'!A8-Parametri!$A$11)+Parametri!$A$2 -> 1255.5 | I8: =F8 -> 0.11547005 | J8: =Parametri!$D$8 -> 0.11547005
A9: =A8+1 -> 277 | D9: =B9+2*E9 -> 3352 | E9: 1676 | F9: =IF(C9=0, Parametri!$D$8, ABS(B9-C9)/(2*SQRT(3))) -> 0.11547005 | G9: =(A9-335)+135.8+(Parametri!$A$5/2) -> 77.8 | H9: =(E9-192)-('Dati (2)'!A9-Parametri!$A$11)+Parametri!$A$2 -> 1207 | I9: =F9 -> 0.11547005 | J9: =Parametri!$D$8 -> 0.11547005
A10: =A9+1 -> 278 | D10: =B10+2*E10 -> 3320 | E10: 1660 | F10: =IF(C10=0, Parametri!$D$8, ABS(B10-C10)/(2*SQRT(3))) -> 0.11547005 | G10: =(A10-335)+135.8+(Parametri!$A$5/2) -> 78.8 | H10: =(E10-192)-('Dati (2)'!A10-Parametri!$A$11)+Parametri!$A$2 -> 1190 | I10: =F10 -> 0.11547005 | J10: =Parametri!$D$8 -> 0.11547005
A11: =A10+1 -> 279 | D11: =B11+2*E11 -> 3231 | E11: 1615.5 | F11: =IF(C11=0, Parametri!$D$8, ABS(B11-C11)/(2*SQRT(3))) -> 0.11547005 | G11: =(A11-335)+135.8+(Parametri!$A$5/2) -> 79.8 | H11: =(E11-192)-('Dati (2)'!A11-Parametri!$A$11)+Parametri!$A$2 -> 1144.5 | I11: =F11 -> 0.11547005 | J11: =Parametri!$D$8 -> 0.11547005
A12: =A11+1 -> 280 | D12: =B12+2*E12 -> 3163 | E12: 1581.5 | F12: =IF(C12=0, Parametri!$D$8, ABS(B12-C12)/(2*SQRT(3))) -> 0.11547005 | G12: =(A12-335)+135.8+(Parametri!$A$5/2) -> 80.8 | H12: =(E12-192)-('Dati (2)'!A12-Parametri!$A$11)+Parametri!$A$2 -> 1109.5 | I12: =F12 -> 0.11547005 | J12: =Parametri!$D$8 -> 0.11547005
A13: =A12+1 -> 281 | D13: =B13+2*E13 -> 3122 | E13: 1561 | F13: =IF(C13=0, Parametri!$D$8, ABS(B13-C13)/(2*SQRT(3))) -> 0.11547005 | G13: =(A13-335)+135.8+(Parametri!$A$5/2) -> 81.8 | H13: =(E13-192)-('Dati (2)'!A13-Parametri!$A$11)+Parametri!$A$2 -> 1088 | I13: =F13 -> 0.11547005 | J13: =Parametri!$D$8 -> 0.11547005
A14: =A13+1 -> 282 | D14: =B14+2*E14 -> 3067 | E14: 1533.5 | F14: =IF(C14=0, Parametri!$D$8, ABS(B14-C14)/(2*SQRT(3))) -> 0.11547005 | G14: =(A14-335)+135.8+(Parametri!$A$5/2) -> 82.8 | H14: =(E14-192)-('Dati (2)'!A14-Parametri!$A$11)+Parametri!$A$2 -> 1059.5 | I14: =F14 -> 0.11547005 | J14: =Parametri!$D$8 -> 0.11547005
... A47: =A46+1 -> 315 | D47: =B47+2*E47 -> 2150 | E47: 1075 | F47: =IF(C47=0, Parametri!$D$8, ABS(B47-C47)/(2*SQRT(3))) -> 0.11547005 | G47: =(A47-335)+135.8+(Parametri!$A$5/2) -> 115.8 | H47: =(E47-192)-('Dati (2)'!A47-Parametri!$A$11)+Parametri!$A$2 -> 568 | I47: =F47 -> 0.11547005 | J47: =Parametri!$D$8 -> 0.11547005
A48: =A47+2 -> 317 | D48: =B48+2*E48 -> 2126 | E48: 1063 | F48: =IF(C48=0, Parametri!$D$8, ABS(B48-C48)/(2*SQRT(3))) -> 0.11547005 | G48: =(A48-335)+135.8+(Parametri!$A$5/2) -> 117.8 | H48: =(E48-192)-('Dati (2)'!A48-Parametri!$A$11)+Parametri!$A$2 -> 554 | I48: =F48 -> 0.11547005 | J48: =Parametri!$D$8 -> 0.11547005
A49: =A48+2 -> 319 | D49: =B49+2*E49 -> 2085 | E49: 1042.5 | F49: =IF(C49=0, Parametri!$D$8, ABS(B49-C49)/(2*SQRT(3))) -> 0.11547005 | G49: =(A49-335)+135.8+(Parametri!$A$5/2) -> 119.8 | H49: =(E49-192)-('Dati (2)'!A49-Parametri!$A$11)+Parametri!$A$2 -> 531.5 | I49: =F49 -> 0.11547005 | J49: =Parametri!$D$8 -> 0.11547005
A50: =A49+2 -> 321 | D50: =B50+2*E50 -> 2068 | E50: 1034 | F50: =IF(C50=0, Parametri!$D$8, ABS(B50-C50)/(2*SQRT(3))) -> 0.11547005 | G50: =(A50-335)+135.8+(Parametri!$A$5/2) -> 121.8 | H50: =(E50-192)-('Dati (2)'!A50-Parametri!$A$11)+Parametri!$A$2 -> 521 | I50: =F50 -> 0.11547005 | J50: =Parametri!$D$8 -> 0.11547005
A51: =A50+2 -> 323 | D51: =B51+2*E51 -> 2055 | E51: 1027.5 | F51: =IF(C51=0, Parametri!$D$8, ABS(B51-C51)/(2*SQRT(3))) -> 0.11547005 | G51: =(A51-335)+135.8+(Parametri!$A$5/2) -> 123.8 | H51: =(E51-192)-('Dati (2)'!A51-Parametri!$A$11)+Parametri!$A$2 -> 512.5 | I51: =F51 -> 0.11547005 | J51: =Parametri!$D$8 -> 0.11547005
A52: =A51+2 -> 325 | D52: =B52+2*E52 -> 2020 | E52: 1010 | F52: =IF(C52=0, Parametri!$D$8, ABS(B52-C52)/(2*SQRT(3))) -> 0.11547005 | G52: =(A52-335)+135.8+(Parametri!$A$5/2) -> 125.8 | H52: =(E52-192)-('Dati (2)'!A52-Parametri!$A$11)+Parametri!$A$2 -> 493 | I52: =F52 -> 0.11547005 | J52: =Parametri!$D$8 -> 0.11547005
A53: =A52+2 -> 327 | D53: =B53+2*E53 -> 1999 | E53: 999.5 | F53: =IF(C53=0, Parametri!$D$8, ABS(B53-C53)/(2*SQRT(3))) -> 0.11547005 | G53: =(A53-335)+135.8+(Parametri!$A$5/2) -> 127.8 | H53: =(E53-192)-('Dati (2)'!A53-Parametri!$A$11)+Parametri!$A$2 -> 480.5 | I53: =F53 -> 0.11547005 | J53: =Parametri!$D$8 -> 0.11547005
A54: =A53+2 -> 329 | D54: =B54+2*E54 -> 1975 | E54: 987.5 | F54: =IF(C54=0, Parametri!$D$8, ABS(B54-C54)/(2*SQRT(3))) -> 0.11547005 | G54: =(A54-335)+135.8+(Parametri!$A$5/2) -> 129.8 | H54: =(E54-192)-('Dati (2)'!A54-Parametri!$A$11)+Parametri!$A$2 -> 466.5 | I54: =F54 -> 0.11547005 | J54: =Parametri!$D$8 -> 0.11547005
A55: =A54+2 -> 331 | D55: =B55+2*E55 -> 1961 | E55: 980.5 | F55: =IF(C55=0, Parametri!$D$8, ABS(B55-C55)/(2*SQRT(3))) -> 0.11547005 | G55: =(A55-335)+135.8+(Parametri!$A$5/2) -> 131.8 | H55: =(E55-192)-('Dati (2)'!A55-Parametri!$A$11)+Parametri!$A$2 -> 457.5 | I55: =F55 -> 0.11547005 | J55: =Parametri!$D$8 -> 0.11547005
A56: =A55+2 -> 333 | D56: =B56+2*E56 -> 1940 | E56: 970 | F56: =IF(C56=0, Parametri!$D$8, ABS(B56-C56)/(2*SQRT(3))) -> 0.11547005 | G56: =(A56-335)+135.8+(Parametri!$A$5/2) -> 133.8 | H56: =(E56-192)-('Dati (2)'!A56-Parametri!$A$11)+Parametri!$A$2 -> 445 | I56: =F56 -> 0.11547005 | J56: =Parametri!$D$8 -> 0.11547005
A57: =A56+2 -> 335 | D57: =B57+2*E57 -> 1910 | E57: 955 | F57: =IF(C57=0, Parametri!$D$8, ABS(B57-C57)/(2*SQRT(3))) -> 0.11547005 | G57: =(A57-335)+135.8+(Parametri!$A$5/2) -> 135.8 | H57: =(E57-192)-('Dati (2)'!A57-Parametri!$A$11)+Parametri!$A$2 -> 428 | I57: =F57 -> 0.11547005 | J57: =Parametri!$D$8 -> 0.11547005
A58: =A57+2 -> 337 | D58: =B58+2*E58 -> 1891 | E58: 945.5 | F58: =IF(C58=0, Parametri!$D$8, ABS(B58-C58)/(2*SQRT(3))) -> 0.11547005 | G58: =(A58-335)+135.8+(Parametri!$A$5/2) -> 137.8 | H58: =(E58-192)-('Dati (2)'!A58-Parametri!$A$11)+Parametri!$A$2 -> 416.5 | I58: =F58 -> 0.11547005 | J58: =Parametri!$D$8 -> 0.11547005
A59: =A58+2 -> 339 | D59: =B59+2*E59 -> 1887 | E59: 943.5 | F59: =IF(C59=0, Parametri!$D$8, ABS(B59-C59)/(2*SQRT(3))) -> 0.11547005 | G59: =(A59-335)+135.8+(Parametri!$A$5/2) -> 139.8 | H59: =(E59-192)-('Dati (2)'!A59-Parametri!$A$11)+Parametri!$A$2 -> 412.5 | I59: =F59 -> 0.11547005 | J59: =Parametri!$D$8 -> 0.11547005
... A65: =A64+2 -> 351 | D65: =B65+2*E65 -> 1812 | E65: 906 | F65: =IF(C65=0, Parametri!$D$8, ABS(B65-C65)/(2*SQRT(3))) -> 0.11547005 | G65: =(A65-335)+135.8+(Parametri!$A$5/2) -> 151.8 | H65: =(E65-192)-('Dati (2)'!A65-Parametri!$A$11)+Parametri!$A$2 -> 363 | I65: =F65 -> 0.11547005 | J65: =Parametri!$D$8 -> 0.11547005
A66: =A65+3 -> 354 | D66: =B66+2*E66 -> 1806 | E66: 903 | F66: =IF(C66=0, Parametri!$D$8, ABS(B66-C66)/(2*SQRT(3))) -> 0.11547005 | G66: =(A66-335)+135.8+(Parametri!$A$5/2) -> 154.8 | H66: =(E66-192)-('Dati (2)'!A66-Parametri!$A$11)+Parametri!$A$2 -> 357 | I66: =F66 -> 0.11547005 | J66: =Parametri!$D$8 -> 0.11547005
A67: =A66+3 -> 357 | D67: =B67+2*E67 -> 1782 | E67: 891 | F67: =IF(C67=0, Parametri!$D$8, ABS(B67-C67)/(2*SQRT(3))) -> 0.11547005 | G67: =(A67-335)+135.8+(Parametri!$A$5/2) -> 157.8 | H67: =(E67-192)-('Dati (2)'!A67-Parametri!$A$11)+Parametri!$A$2 -> 342 | I67: =F67 -> 0.11547005 | J67: =Parametri!$D$8 -> 0.11547005
A68: =A67+3 -> 360 | D68: =B68+2*E68 -> 1777 | E68: 888.5 | F68: =IF(C68=0, Parametri!$D$8, ABS(B68-C68)/(2*SQRT(3))) -> 0.11547005 | G68: =(A68-335)+135.8+(Parametri!$A$5/2) -> 160.8 | H68: =(E68-192)-('Dati (2)'!A68-Parametri!$A$11)+Parametri!$A$2 -> 336.5 | I68: =F68 -> 0.11547005 | J68: =Parametri!$D$8 -> 0.11547005
A69: =A68+3 -> 363 | D69: =B69+2*E69 -> 1780 | E69: 890 | F69: =IF(C69=0, Parametri!$D$8, ABS(B69-C69)/(2*SQRT(3))) -> 0.11547005 | G69: =(A69-335)+135.8+(Parametri!$A$5/2) -> 163.8 | H69: =(E69-192)-('Dati (2)'!A69-Parametri!$A$11)+Parametri!$A$2 -> 335 | I69: =F69 -> 0.11547005 | J69: =Parametri!$D$8 -> 0.11547005
A70: =A69+3 -> 366 | D70: =B70+2*E70 -> 1752 | E70: 876 | F70: =IF(C70=0, Parametri!$D$8, ABS(B70-C70)/(2*SQRT(3))) -> 0.11547005 | G70: =(A70-335)+135.8+(Parametri!$A$5/2) -> 166.8 | H70: =(E70-192)-('Dati (2)'!A70-Parametri!$A$11)+Parametri!$A$2 -> 318 | I70: =F70 -> 0.11547005 | J70: =Parametri!$D$8 -> 0.11547005
A71: =A70+3 -> 369 | D71: =B71+2*E71 -> 1744 | E71: 872 | F71: =IF(C71=0, Parametri!$D$8, ABS(B71-C71)/(2*SQRT(3))) -> 0.11547005 | G71: =(A71-335)+135.8+(Parametri!$A$5/2) -> 169.8 | H71: =(E71-192)-('Dati (2)'!A71-Parametri!$A$11)+Parametri!$A$2 -> 311 | I71: =F71 -> 0.11547005 | J71: =Parametri!$D$8 -> 0.11547005
A72: =A71+3 -> 372 | D72: =B72+2*E72 -> 1742 | E72: 871 | F72: =IF(C72=0, Parametri!$D$8, ABS(B72-C72)/(2*SQRT(3))) -> 0.11547005 | G72: =(A72-335)+135.8+(Parametri!$A$5/2) -> 172.8 | H72: =(E72-192)-('Dati (2)'!A72-Parametri!$A$11)+Parametri!$A$2 -> 307 | I72: =F72 -> 0.11547005 | J72: =Parametri!$D$8 -> 0.11547005
A73: =A72+3 -> 375 | D73: =B73+2*E73 -> 1734 | E73: 867 | F73: =IF(C73=0, Parametri!$D$8, ABS(B73-C73)/(2*SQRT(3))) -> 0.11547005 | G73: =(A73-335)+135.8+(Parametri!$A$5/2) -> 175.8 | H73: =(E73-192)-('Dati (2)'!A73-Parametri!$A$11)+Parametri!$A$2 -> 300 | I73: =F73 -> 0.11547005 | J73: =Parametri!$D$8 -> 0.11547005
A74: =A73+4 -> 379 | D74: =B74+2*E74 -> 1721 | E74: 860.5 | F74: =IF(C74=0, Parametri!$D$8, ABS(B74-C74)/(2*SQRT(3))) -> 0.11547005 | G74: =(A74-335)+135.8+(Parametri!$A$5/2) -> 179.8 | H74: =(E74-192)-('Dati (2)'!A74-Parametri!$A$11)+Parametri!$A$2 -> 289.5 | I74: =F74 -> 0.11547005 | J74: =Parametri!$D$8 -> 0.11547005
A75: =A74+4 -> 383 | D75: =B75+2*E75 -> 1720 | E75: 860 | F75: =IF(C75=0, Parametri!$D$8, ABS(B75-C75)/(2*SQRT(3))) -> 0.11547005 | G75: =(A75-335)+135.8+(Parametri!$A$5/2) -> 183.8 | H75: =(E75-192)-('Dati (2)'!A75-Parametri!$A$11)+Parametri!$A$2 -> 285 | I75: =F75 -> 0.11547005 | J75: =Parametri!$D$8 -> 0.11547005
A76: =A75+4 -> 387 | D76: =B76+2*E76 -> 1706 | E76: 853 | F76: =IF(C76=0, Parametri!$D$8, ABS(B76-C76)/(2*SQRT(3))) -> 0.11547005 | G76: =(A76-335)+135.8+(Parametri!$A$5/2) -> 187.8 | H76: =(E76-192)-('Dati (2)'!A76-Parametri!$A$11)+Parametri!$A$2 -> 274 | I76: =F76 -> 0.11547005 | J76: =Parametri!$D$8 -> 0.11547005
A77: =A76+4 -> 391 | D77: =B77+2*E77 -> 1695 | E77: 847.5 | F77: =IF(C77=0, Parametri!$D$8, ABS(B77-C77)/(2*SQRT(3))) -> 0.11547005 | G77: =(A77-335)+135.8+(Parametri!$A$5/2) -> 191.8 | H77: =(E77-192)-('Dati (2)'!A77-Parametri!$A$11)+Parametri!$A$2 -> 264.5 | I77: =F77 -> 0.11547005 | J77: =Parametri!$D$8 -> 0.11547005
A78: =A77+4 -> 395 | D78: =B78+2*E78 -> 1696 | E78: 848 | F78: =IF(C78=0, Parametri!$D$8, ABS(B78-C78)/(2*SQRT(3))) -> 0.11547005 | G78: =(A78-335)+135.8+(Parametri!$A$5/2) -> 195.8 | H78: =(E78-192)-('Dati (2)'!A78-Parametri!$A$11)+Parametri!$A$2 -> 261 | I78: =F78 -> 0.11547005 | J78: =Parametri!$D$8 -> 0.11547005
A79: =A78+4 -> 399 | D79: =B79+2*E79 -> 1685 | E79: 842.5 | F79: =IF(C79=0, Parametri!$D$8, ABS(B79-C79)/(2*SQRT(3))) -> 0.11547005 | G79: =(A79-335)+135.8+(Parametri!$A$5/2) -> 199.8 | H79: =(E79-192)-('Dati (2)'!A79-Parametri!$A$11)+Parametri!$A$2 -> 251.5 | I79: =F79 -> 0.11547005 | J79: =Parametri!$D$8 -> 0.11547005
A80: =A79+4 -> 403 | D80: =B80+2*E80 -> 1682 | E80: 841 | F80: =IF(C80=0, Parametri!$D$8, ABS(B80-C80)/(2*SQRT(3))) -> 0.11547005 | G80: =(A80-335)+135.8+(Parametri!$A$5/2) -> 203.8 | H80: =(E80-192)-('Dati (2)'!A80-Parametri!$A$11)+Parametri!$A$2 -> 246 | I80: =F80 -> 0.11547005 | J80: =Parametri!$D$8 -> 0.11547005
A81: =A80+4 -> 407 | D81: =B81+2*E81 -> 1677 | E81: 838.5 | F81: =IF(C81=0, Parametri!$D$8, ABS(B81-C81)/(2*SQRT(3))) -> 0.11547005 | G81: =(A81-335)+135.8+(Parametri!$A$5/2) -> 207.8 | H81: =(E81-192)-('Dati (2)'!A81-Parametri!$A$11)+Parametri!$A$2 -> 239.5 | I81: =F81 -> 0.11547005 | J81: =Parametri!$D$8 -> 0.11547005
A82: =A81+5 -> 412 | D82: =B82+2*E82 -> 1683 | E82: 841.5 | F82: =IF(C82=0, Parametri!$D$8, ABS(B82-C82)/(2*SQRT(3))) -> 0.11547005 | G82: =(A82-335)+135.8+(Parametri!$A$5/2) -> 212.8 | H82: =(E82-192)-('Dati (2)'!A82-Parametri!$A$11)+Parametri!$A$2 -> 237.5 | I82: =F82 -> 0.11547005 | J82: =Parametri!$D$8 -> 0.11547005
A83: =A82+5 -> 417 | D83: =B83+2*E83 -> 1684 | E83: 842 | F83: =IF(C83=0, Parametri!$D$8, ABS(B83-C83)/(2*SQRT(3))) -> 0.11547005 | G83: =(A83-335)+135.8+(Parametri!$A$5/2) -> 217.8 | H83: =(E83-192)-('Dati (2)'!A83-Parametri!$A$11)+Parametri!$A$2 -> 233 | I83: =F83 -> 0.11547005 | J83: =Parametri!$D$8 -> 0.11547005
A84: =A83+5 -> 422 | D84: =B84+2*E84 -> 1682 | E84: 841 | F84: =IF(C84=0, Parametri!$D$8, ABS(B84-C84)/(2*SQRT(3))) -> 0.11547005 | G84: =(A84-335)+135.8+(Parametri!$A$5/2) -> 222.8 | H84: =(E84-192)-('Dati (2)'!A84-Parametri!$A$11)+Parametri!$A$2 -> 227 | I84: =F84 -> 0.11547005 | J84: =Parametri!$D$8 -> 0.11547005
A85: =A84+5 -> 427 | D85: =B85+2*E85 -> 1681 | E85: 840.5 | F85: =IF(C85=0, Parametri!$D$8, ABS(B85-C85)/(2*SQRT(3))) -> 0.11547005 | G85: =(A85-335)+135.8+(Parametri!$A$5/2) -> 227.8 | H85: =(E85-192)-('Dati (2)'!A85-Parametri!$A$11)+Parametri!$A$2 -> 221.5 | I85: =F85 -> 0.11547005 | J85: =Parametri!$D$8 -> 0.11547005
A86: =A85+5 -> 432 | D86: =B86+2*E86 -> 1680 | E86: 840 | F86: =IF(C86=0, Parametri!$D$8, ABS(B86-C86)/(2*SQRT(3))) -> 0.11547005 | G86: =(A86-335)+135.8+(Parametri!$A$5/2) -> 232.8 | H86: =(E86-192)-('Dati (2)'!A86-Parametri!$A$11)+Parametri!$A$2 -> 216 | I86: =F86 -> 0.11547005 | J86: =Parametri!$D$8 -> 0.11547005
A87: =A86+5 -> 437 | D87: =B87+2*E87 -> 1680 | E87: 840 | F87: =IF(C87=0, Parametri!$D$8, ABS(B87-C87)/(2*SQRT(3))) -> 0.11547005 | G87: =(A87-335)+135.8+(Parametri!$A$5/2) -> 237.8 | H87: =(E87-192)-('Dati (2)'!A87-Parametri!$A$11)+Parametri!$A$2 -> 211 | I87: =F87 -> 0.11547005 | J87: =Parametri!$D$8 -> 0.11547005
A88: =A87+5 -> 442 | D88: =B88+2*E88 -> 1680 | E88: 840 | F88: =IF(C88=0, Parametri!$D$8, ABS(B88-C88)/(2*SQRT(3))) -> 0.11547005 | G88: =(A88-335)+135.8+(Parametri!$A$5/2) -> 242.8 | H88: =(E88-192)-('Dati (2)'!A88-Parametri!$A$11)+Parametri!$A$2 -> 206 | I88: =F88 -> 0.11547005 | J88: =Parametri!$D$8 -> 0.11547005
A89: =A88+5 -> 447 | D89: =B89+2*E89 -> 1680 | E89: 840 | F89: =IF(C89=0, Parametri!$D$8, ABS(B89-C89)/(2*SQRT(3))) -> 0.11547005 | G89: =(A89-335)+135.8+(Parametri!$A$5/2) -> 247.8 | H89: =(E89-192)-('Dati (2)'!A89-Parametri!$A$11)+Parametri!$A$2 -> 201 | I89: =F89 -> 0.11547005 | J89: =Parametri!$D$8 -> 0.11547005
A90: =A89+7 -> 454 | D90: =B90+2*E90 -> 1680 | E90: 840 | F90: =IF(C90=0, Parametri!$D$8, ABS(B90-C90)/(2*SQRT(3))) -> 0.11547005 | G90: =(A90-335)+135.8+(Parametri!$A$5/2) -> 254.8 | H90: =(E90-192)-('Dati (2)'!A90-Parametri!$A$11)+Parametri!$A$2 -> 194 | I90: =F90 -> 0.11547005 | J90: =Parametri!$D$8 -> 0.11547005
A91: =A90+7 -> 461 | D91: =B91+2*E91 -> 1683 | E91: 841.5 | F91: =IF(C91=0, Parametri!$D$8, ABS(B91-C91)/(2*SQRT(3))) -> 0.11547005 | G91: =(A91-335)+135.8+(Parametri!$A$5/2) -> 261.8 | H91: =(E91-192)-('Dati (2)'!A91-Parametri!$A$11)+Parametri!$A$2 -> 188.5 | I91: =F91 -> 0.11547005 | J91: =Parametri!$D$8 -> 0.11547005
A92: =A91+7 -> 468 | D92: =B92+2*E92 -> 1692 | E92: 846 | F92: =IF(C92=0, Parametri!$D$8, ABS(B92-C92)/(2*SQRT(3))) -> 0.11547005 | G92: =(A92-335)+135.8+(Parametri!$A$5/2) -> 268.8 | H92: =(E92-192)-('Dati (2)'!A92-Parametri!$A$11)+Parametri!$A$2 -> 186 | I92: =F92 -> 0.11547005 | J92: =Parametri!$D$8 -> 0.11547005
A93: =A92+7 -> 475 | D93: =B93+2*E93 -> 1689 | E93: 844.5 | F93: =IF(C93=0, Parametri!$D$8, ABS(B93-C93)/(2*SQRT(3))) -> 0.11547005 | G93: =(A93-335)+135.8+(Parametri!$A$5/2) -> 275.8 | H93: =(E93-192)-('Dati (2)'!A93-Parametri!$A$11)+Parametri!$A$2 -> 177.5 | I93: =F93 -> 0.11547005 | J93: =Parametri!$D$8 -> 0.11547005
A94: =A93+10 -> 485 | D94: =B94+2*E94 -> 1700 | E94: 850 | F94: =IF(C94=0, Parametri!$D$8, ABS(B94-C94)/(2*SQRT(3))) -> 0.11547005 | G94: =(A94-335)+135.8+(Parametri!$A$5/2) -> 285.8 | H94: =(E94-192)-('Dati (2)'!A94-Parametri!$A$11)+Parametri!$A$2 -> 173 | I94: =F94 -> 0.11547005 | J94: =Parametri!$D$8 -> 0.11547005
A95: =A94+10 -> 495 | D95: =B95+2*E95 -> 1706 | E95: 853 | F95: =IF(C95=0, Parametri!$D$8, ABS(B95-C95)/(2*SQRT(3))) -> 0.11547005 | G95: =(A95-335)+135.8+(Parametri!$A$5/2) -> 295.8 | H95: =(E95-192)-('Dati (2)'!A95-Parametri!$A$11)+Parametri!$A$2 -> 166 | I95: =F95 -> 0.11547005 | J95: =Parametri!$D$8 -> 0.11547005
A96: =A95+10 -> 505 | D96: =B96+2*E96 -> 1712 | E96: 856 | F96: =IF(C96=0, Parametri!$D$8, ABS(B96-C96)/(2*SQRT(3))) -> 0.11547005 | G96: =(A96-335)+135.8+(Parametri!$A$5/2) -> 305.8 | H96: =(E96-192)-('Dati (2)'!A96-Parametri!$A$11)+Parametri!$A$2 -> 159 | I96: =F96 -> 0.11547005 | J96: =Parametri!$D$8 -> 0.11547005
A97: =A96+10 -> 515 | D97: =B97+2*E97 -> 1718 | E97: 859 | F97: =IF(C97=0, Parametri!$D$8, ABS(B97-C97)/(2*SQRT(3))) -> 0.11547005 | G97: =(A97-335)+135.8+(Parametri!$A$5/2) -> 315.8 | H97: =(E97-192)-('Dati (2)'!A97-Parametri!$A$11)+Parametri!$A$2 -> 152 | I97: =F97 -> 0.11547005 | J97: =Parametri!$D$8 -> 0.11547005
A98: =A97+10 -> 525 | D98: =B98+2*E98 -> 1717 | E98: 858.5 | F98: =IF(C98=0, Parametri!$D$8, ABS(B98-C98)/(2*SQRT(3))) -> 0.11547005 | G98: =(A98-335)+135.8+(Parametri!$A$5/2) -> 325.8 | H98: =(E98-192)-('Dati (2)'!A98-Parametri!$A$11)+Parametri!$A$2 -> 141.5 | I98: =F98 -> 0.11547005 | J98: =Parametri!$D$8 -> 0.11547005 | K98: =H98-1 -> 140.5
A99: =A98+10 -> 535 | D99: =B99+2*E99 -> 1749 | E99: 874.5 | F99: =IF(C99=0, Parametri!$D$8, ABS(B99-C99)/(2*SQRT(3))) -> 0.11547005 | G99: =(A99-335)+135.8+(Parametri!$A$5/2) -> 335.8 | H99: =(E99-192)-('Dati (2)'!A99-Parametri!$A$11)+Parametri!$A$2 -> 147.5 | I99: =F99 -> 0.11547005 | J99: =Parametri!$D$8 -> 0.11547005 | K99: =H99-1 -> 146.5
A100: =A99+10 -> 545 | D100: =B100+2*E100 -> 1753 | E100: 876.5 | F100: =IF(C100=0, Parametri!$D$8, ABS(B100-C100)/(2*SQRT(3))) -> 0.11547005 | G100: =(A100-335)+135.8+(Parametri!$A$5/2) -> 345.8 | H100: =(E100-192)-('Dati (2)'!A100-Parametri!$A$11)+Parametri!$A$2 -> 139.5 | I100: =F100 -> 0.11547005 | J100: =Parametri!$D$8 -> 0.11547005 | K100: =H100-1 -> 138.5
A101: =A100+10 -> 555 | D101: =B101+2*E101 -> 1768 | E101: 884 | F101: =IF(C101=0, Parametri!$D$8, ABS(B101-C101)/(2*SQRT(3))) -> 0.11547005 | G101: =(A101-335)+135.8+(Parametri!$A$5/2) -> 355.8 | H101: =(E101-192)-('Dati (2)'!A101-Parametri!$A$11)+Parametri!$A$2 -> 137 | I101: =F101 -> 0.11547005 | J101: =Parametri!$D$8 -> 0.11547005 | K101: =H101-1 -> 136
A102: =A101+10 -> 565 | D102: =B102+2*E102 -> 1778 | E102: 889 | F102: =IF(C102=0, Parametri!$D$8, ABS(B102-C102)/(2*SQRT(3))) -> 0.11547005 | G102: =(A102-335)+135.8+(Parametri!$A$5/2) -> 365.8 | H102: =(E102-192)-('Dati (2)'!A102-Parametri!$A$11)+Parametri!$A$2 -> 132 | I102: =F102 -> 0.11547005 | J102: =Parametri!$D$8 -> 0.11547005 | K102: =H102-1 -> 131
A103: =A102+10 -> 575 | D103: =B103+2*E103 -> 1789 | E103: 894.5 | F103: =IF(C103=0, Parametri!$D$8, ABS(B103-C103)/(2*SQRT(3))) -> 0.11547005 | G103: =(A103-335)+135.8+(Parametri!$A$5/2) -> 375.8 | H103: =(E103-192)-('Dati (2)'!A103-Parametri!$A$11)+Parametri!$A$2 -> 127.5 | I103: =F103 -> 0.11547005 | J103: =Parametri!$D$8 -> 0.11547005 | K103: =H103-1 -> 126.5
A104: =A103+20 -> 595 | D104: =B104+2*E104 -> 1813 | E104: 906.5 | F104: =IF(C104=0, Parametri!$D$8, ABS(B104-C104)/(2*SQRT(3))) -> 0.11547005 | G104: =(A104-335)+135.8+(Parametri!$A$5/2) -> 395.8 | H104: =(E104-192)-('Dati (2)'!A104-Parametri!$A$11)+Parametri!$A$2 -> 119.5 | I104: =F104 -> 0.11547005 | J104: =Parametri!$D$8 -> 0.11547005 | K104: =H104-1 -> 118.5
A105: =A104+20 -> 615 | D105: =B105+2*E105 -> 1849 | E105: 924.5 | F105: =IF(C105=0, Parametri!$D$8, ABS(B105-C105)/(2*SQRT(3))) -> 0.11547005 | G105: =(A105-335)+135.8+(Parametri!$A$5/2) -> 415.8 | H105: =(E105-192)-('Dati (2)'!A105-Parametri!$A$11)+Parametri!$A$2 -> 117.5 | I105: =F105 -> 0.11547005 | J105: =Parametri!$D$8 -> 0.11547005 | K105: =H105-1 -> 116.5
A106: =A105+20 -> 635 | D106: =B106+2*E106 -> 1875 | E106: 937.5 | F106: =IF(C106=0, Parametri!$D$8, ABS(B106-C106)/(2*SQRT(3))) -> 0.11547005 | G106: =(A106-335)+135.8+(Parametri!$A$5/2) -> 435.8 | H106: =(E106-192)-('Dati (2)'!A106-Parametri!$A$11)+Parametri!$A$2 -> 110.5 | I106: =F106 -> 0.11547005 | J106: =Parametri!$D$8 -> 0.11547005 | K106: =H106-1 -> 109.5
A107: =A106+20 -> 655 | D107: =B107+2*E107 -> 1904 | E107: 952 | F107: =IF(C107=0, Parametri!$D$8, ABS(B107-C107)/(2*SQRT(3))) -> 0.11547005 | G107: =(A107-335)+135.8+(Parametri!$A$5/2) -> 455.8 | H107: =(E107-192)-('Dati (2)'!A107-Parametri!$A$11)+Parametri!$A$2 -> 105 | I107: =F107 -> 0.11547005 | J107: =Parametri!$D$8 -> 0.11547005 | K107: =H107-1 -> 104
A108: =A107+20 -> 675 | D108: =B108+2*E108 -> 1937 | E108: 968.5 | F108: =IF(C108=0, Parametri!$D$8, ABS(B108-C108)/(2*SQRT(3))) -> 0.11547005 | G108: =(A108-335)+135.8+(Parametri!$A$5/2) -> 475.8 | H108: =(E108-192)-('Dati (2)'!A108-Parametri!$A$11)+Parametri!$A$2 -> 101.5 | I108: =F108 -> 0.11547005 | J108: =Parametri!$D$8 -> 0.11547005 | K108: =H108-1 -> 100.5
A109: =A108+20 -> 695 | D109: =B109+2*E109 -> 1969 | E109: 984.5 | F109: =IF(C109=0, Parametri!$D$8, ABS(B109-C109)/(2*SQRT(3))) -> 0.11547005 | G109: =(A109-335)+135.8+(Parametri!$A$5/2) -> 495.8 | H109: =(E109-192)-('Dati (2)'!A109-Parametri!$A$11)+Parametri!$A$2 -> 97.5 | I109: =F109 -> 0.11547005 | J109: =Parametri!$D$8 -> 0.11547005 | K109: =H109-1 -> 96.5
A110: =A109+20 -> 715 | D110: =B110+2*E110 -> 2002 | E110: 1001 | F110: =IF(C110=0, Parametri!$D$8, ABS(B110-C110)/(2*SQRT(3))) -> 0.11547005 | G110: =(A110-335)+135.8+(Parametri!$A$5/2) -> 515.8 | H110: =(E110-192)-('Dati (2)'!A110-Parametri!$A$11)+Parametri!$A$2 -> 94 | I110: =F110 -> 0.11547005 | J110: =Parametri!$D$8 -> 0.11547005 | K110: =H110-1 -> 93
A111: =A110+20 -> 735 | D111: =B111+2*E111 -> 2034 | E111: 1017 | F111: =IF(C111=0, Parametri!$D$8, ABS(B111-C111)/(2*SQRT(3))) -> 0.11547005 | G111: =(A111-335)+135.8+(Parametri!$A$5/2) -> 535.8 | H111: =(E111-192)-('Dati (2)'!A111-Parametri!$A$11)+Parametri!$A$2 -> 90 | I111: =F111 -> 0.11547005 | J111: =Parametri!$D$8 -> 0.11547005 | K111: =H111-1 -> 89
A112: =A111+20 -> 755 | D112: =B112+2*E112 -> 2067 | E112: 1033.5 | F112: =IF(C112=0, Parametri!$D$8, ABS(B112-C112)/(2*SQRT(3))) -> 0.11547005 | G112: =(A112-335)+135.8+(Parametri!$A$5/2) -> 555.8 | H112: =(E112-192)-('Dati (2)'!A112-Parametri!$A$11)+Parametri!$A$2 -> 86.5 | I112: =F112 -> 0.11547005 | J112: =Parametri!$D$8 -> 0.11547005 | K112: =H112-1 -> 85.5
A113: =A112+20 -> 775 | D113: =B113+2*E113 -> 2100 | E113: 1050 | F113: =IF(C113=0, Parametri!$D$8, ABS(B113-C113)/(2*SQRT(3))) -> 0.11547005 | G113: =(A113-335)+135.8+(Parametri!$A$5/2) -> 575.8 | H113: =(E113-192)-('Dati (2)'!A113-Parametri!$A$11)+Parametri!$A$2 -> 83 | I113: =F113 -> 0.11547005 | J113: =Parametri!$D$8 -> 0.11547005 | K113: =H113-1 -> 82
A114: =A113+50 -> 825 | D114: =B114+2*E114 -> 2187 | E114: 1093.5 | F114: =IF(C114=0, Parametri!$D$8, ABS(B114-C114)/(2*SQRT(3))) -> 0.11547005 | G114: =(A114-335)+135.8+(Parametri!$A$5/2) -> 625.8 | H114: =(E114-192)-('Dati (2)'!A114-Parametri!$A$11)+Parametri!$A$2 -> 76.5 | I114: =F114 -> 0.11547005 | J114: =Parametri!$D$8 -> 0.11547005 | K114: =H114-1 -> 75.5
A115: =A114+50 -> 875 | D115: =B115+2*E115 -> 2276 | E115: 1138 | F115: =IF(C115=0, Parametri!$D$8, ABS(B115-C115)/(2*SQRT(3))) -> 0.11547005 | G115: =(A115-335)+135.8+(Parametri!$A$5/2) -> 675.8 | H115: =(E115-192)-('Dati (2)'!A115-Parametri!$A$11)+Parametri!$A$2 -> 71 | I115: =F115 -> 0.11547005 | J115: =Parametri!$D$8 -> 0.11547005 | K115: =H115-1 -> 70
A116: =A115+50 -> 925 | D116: =B116+2*E116 -> 2369 | E116: 1184.5 | F116: =IF(C116=0, Parametri!$D$8, ABS(B116-C116)/(2*SQRT(3))) -> 0.11547005 | G116: =(A116-335)+135.8+(Parametri!$A$5/2) -> 725.8 | H116: =(E116-192)-('Dati (2)'!A116-Parametri!$A$11)+Parametri!$A$2 -> 67.5 | I116: =F116 -> 0.11547005 | J116: =Parametri!$D$8 -> 0.11547005 | K116: =H116-1 -> 66.5
A117: =A116+50 -> 975 | D117: =B117+2*E117 -> 2456 | E117: 1228 | F117: =IF(C117=0, Parametri!$D$8, ABS(B117-C117)/(2*SQRT(3))) -> 0.11547005 | G117: =(A117-335)+135.8+(Parametri!$A$5/2) -> 775.8 | H117: =(E117-192)-('Dati (2)'!A117-Parametri!$A$11)+Parametri!$A$2 -> 61 | I117: =F117 -> 0.11547005 | J117: =Parametri!$D$8 -> 0.11547005 | K117: =H117-1 -> 60
A118: =A117+50 -> 1025 | D118: =B118+2*E118 -> 2550 | E118: 1275 | F118: =IF(C118=0, Parametri!$D$8, ABS(B118-C118)/(2*SQRT(3))) -> 0.11547005 | G118: =(A118-335)+135.8+(Parametri!$A$5/2) -> 825.8 | H118: =(E118-192)-('Dati (2)'!A118-Parametri!$A$11)+Parametri!$A$2 -> 58 | I118: =F118 -> 0.11547005 | J118: =Parametri!$D$8 -> 0.11547005 | K118: =H118-1 -> 57
A119: =A118+50 -> 1075 | D119: =B119+2*E119 -> 2646 | E119: 1323 | F119: =IF(C119=0, Parametri!$D$8, ABS(B119-C119)/(2*SQRT(3))) -> 0.11547005 | G119: =(A119-335)+135.8+(Parametri!$A$5/2) -> 875.8 | H119: =(E119-192)-('Dati (2)'!A119-Parametri!$A$11)+Parametri!$A$2 -> 56 | I119: =F119 -> 0.11547005 | J119: =Parametri!$D$8 -> 0.11547005 | K119: =H119-1 -> 55
A120: =A119+100 -> 1175 | D120: =B120+2*E120 -> 2836 | E120: 1418 | F120: =IF(C120=0, Parametri!$D$8, ABS(B120-C120)/(2*SQRT(3))) -> 0.11547005 | G120: =(A120-335)+135.8+(Parametri!$A$5/2) -> 975.8 | H120: =(E120-192)-('Dati (2)'!A120-Parametri!$A$11)+Parametri!$A$2 -> 51 | I120: =F120 -> 0.11547005 | J120: =Parametri!$D$8 -> 0.11547005 | K120: =H120-1 -> 50
A121: =A120+100 -> 1275 | D121: =B121+2*E121 -> 3020 | E121: 1510 | F121: =IF(C121=0, Parametri!$D$8, ABS(B121-C121)/(2*SQRT(3))) -> 0.11547005 | G121: =(A121-335)+135.8+(Parametri!$A$5/2) -> 1075.8 | H121: =(E121-192)-('Dati (2)'!A121-Parametri!$A$11)+Parametri!$A$2 -> 43 | I121: =F121 -> 0.11547005 | J121: =Parametri!$D$8 -> 0.11547005 | K121: =H121-1 -> 42
A122: =A121+100 -> 1375 | D122: =B122+2*E122 -> 3218 | E122: 1609 | F122: =IF(C122=0, Parametri!$D$8, ABS(B122-C122)/(2*SQRT(3))) -> 0.11547005 | G122: =(A122-335)+135.8+(Parametri!$A$5/2) -> 1175.8 | H122: =(E122-192)-('Dati (2)'!A122-Parametri!$A$11)+Parametri!$A$2 -> 42 | I122: =F122 -> 0.11547005 | J122: =Parametri!$D$8 -> 0.11547005 | K122: =H122-1 -> 41
A123: =A122+100 -> 1475 | D123: =B123+2*E123 -> 3414 | E123: 1707 | F123: =IF(C123=0, Parametri!$D$8, ABS(B123-C123)/(2*SQRT(3))) -> 0.11547005 | G123: =(A123-335)+135.8+(Parametri!$A$5/2) -> 1275.8 | H123: =(E123-192)-('Dati (2)'!A123-Parametri!$A$11)+Parametri!$A$2 -> 40 | I123: =F123 -> 0.11547005 | J123: =Parametri!$D$8 -> 0.11547005 | K123: =H123-1 -> 39
A124: =A123+100 -> 1575 | D124: =B124+2*E124 -> 3606 | E124: 1803 | F124: =IF(C124=0, Parametri!$D$8, ABS(B124-C124)/(2*SQRT(3))) -> 0.11547005 | G124: =(A124-335)+135.8+(Parametri!$A$5/2) -> 1375.8 | H124: =(E124-192)-('Dati (2)'!A124-Parametri!$A$11)+Parametri!$A$2 -> 36 | I124: =F124 -> 0.11547005 | J124: =Parametri!$D$8 -> 0.11547005 | K124: =H124-1 -> 35
A125: =A124+100 -> 1675 | D125: =B125+2*E125 -> 3804 | E125: 1902 | F125: =IF(C125=0, Parametri!$D$8, ABS(B125-C125)/(2*SQRT(3))) -> 0.11547005 | G125: =(A125-335)+135.8+(Parametri!$A$5/2) -> 1475.8 | H125: =(E125-192)-('Dati (2)'!A125-Parametri!$A$11)+Parametri!$A$2 -> 35 | I125: =F125 -> 0.11547005 | J125: =Parametri!$D$8 -> 0.11547005 | K125: =H125-1 -> 34

Sheet Dati
A1: x | B1: y_min | C1: y_max | D1: y | E1: sigma_y | F1: p | G1: q | H1: sigma_p | I1: sigma_q
A2: 251 | B2: 1802 | C2: 1841 | D2: 1821.3956 | E2: 11.25833 | F2: 232.5 | G2: 1568.3956 | H2: 0.11547005 | I2: 11.25833
A3: 252 | B3: 1719 | C3: 1836 | D3: 1776.5371 | E3: 33.774991 | F3: 233.5 | G3: 1522.5371 | H3: 0.11547005 | I3: 33.774991
A4: 253 | B4: 1690 | C4: 1853 | D4: 1769.6243 | E4: 47.054047 | F4: 234.5 | G4: 1514.6243 | H4: 0.11547005 | I4: 47.054047
A5: 254 | B5: 1630 | C5: 1782 | D5: 1704.3063 | E5: 43.87862 | F5: 235.5 | G5: 1448.3063 | H5: 0.11547005 | I5: 43.87862
A6: 255 | B6: 1605 | C6: 1745 | D6: 1673.5367 | E6: 40.414519 | F6: 236.5 | G6: 1416.5367 | H6: 0.11547005 | I6: 40.414519
A7: 256 | B7: 1574 | C7: 1710 | D7: 1640.5914 | E7: 39.259818 | F7: 237.5 | G7: 1382.5914 | H7: 0.11547005 | I7: 39.259818
A8: 257 | B8: 1546 | C8: 1679 | D8: 1611.1282 | E8: 38.393793 | F8: 238.5 | G8: 1352.1282 | H8: 0.11547005 | I8: 38.393793
A9: 258 | B9: 1525 | C9: 1629 | D9: 1576.1424 | E9: 30.022214 | F9: 239.5 | G9: 1316.1424 | H9: 0.11547005 | I9: 30.022214
A10: 259 | B10: 1505 | C10: 1603 | D10: 1553.2273 | E10: 28.290163 | F10: 240.5 | G10: 1292.2273 | H10: 0.11547005 | I10: 28.290163
A11: 260 | B11: 1467 | C11: 1572 | D11: 1518.5928 | E11: 30.310889 | F11: 241.5 | G11: 1256.5928 | H11: 0.11547005 | I11: 30.310889
A12: 261 | B12: 1452 | C12: 1534 | D12: 1492.4369 | E12: 23.671361 | F12: 242.5 | G12: 1229.4369 | H12: 0.11547005 | I12: 23.671361
A13: 262 | B13: 1442 | C13: 1520 | D13: 1480.4864 | E13: 22.51666 | F13: 243.5 | G13: 1216.4864 | H13: 0.11547005 | I13: 22.51666
... A62: 330 | B62: 906 | C62: 915 | D62: 910.48888 | E62: 2.5980762 | F62: 311.5 | G62: 578.48888 | H62: 0.11547005 | I62: 2.5980762
A63: 335 | B63: 886 | D63: 886 | E63: 0.11547005 | F63: 316.5 | G63: 549 | H63: 0.11547005 | I63: 0.11547005
A64: 340 | B64: 871 | D64: 871 | E64: 0.11547005 | F64: 321.5 | G64: 529 | H64: 0.11547005 | I64: 0.11547005
A65: 345 | B65: 870 | D65: 870 | E65: 0.11547005 | F65: 326.5 | G65: 523 | H65: 0.11547005 | I65: 0.11547005
A66: 350 | B66: 864 | D66: 864 | E66: 0.11547005 | F66: 331.5 | G66: 512 | H66: 0.11547005 | I66: 0.11547005
A67: 355 | B67: 856 | D67: 856 | E67: 0.11547005 | F67: 336.5 | G67: 499 | H67: 0.11547005 | I67: 0.11547005
A68: 360 | B68: 851 | D68: 851 | E68: 0.11547005 | F68: 341.5 | G68: 489 | H68: 0.11547005 | I68: 0.11547005
A69: 365 | B69: 846 | D69: 846 | E69: 0.11547005 | F69: 346.5 | G69: 479 | H69: 0.11547005 | I69: 0.11547005
A70: 370 | B70: 840 | D70: 840 | E70: 0.11547005 | F70: 351.5 | G70: 468 | H70: 0.11547005 | I70: 0.11547005
A71: 375 | B71: 835 | D71: 835 | E71: 0.11547005 | F71: 356.5 | G71: 458 | H71: 0.11547005 | I71: 0.11547005
A72: 380 | B72: 833 | D72: 833 | E72: 0.11547005 | F72: 361.5 | G72: 451 | H72: 0.11547005 | I72: 0.11547005
A73: 385 | B73: 832 | D73: 832 | E73: 0.11547005 | F73: 366.5 | G73: 445 | H73: 0.11547005 | I73: 0.11547005
A74: 390 | B74: 828 | D74: 828 | E74: 0.11547005 | F74: 371.5 | G74: 436 | H74: 0.11547005 | I74: 0.11547005
... A117: 1650 | B117: 1882 | D117: 1882 | E117: 0.11547005 | F117: 1631.5 | G117: 230 | H117: 0.11547005 | I117: 0.11547005

Sheet Data
A1: x | B1: y_min | C1: y_max | D1: y | E1: sigma_y | F1: p | G1: q | H1: sigma_p | I1: sigma_q
A2: 251 | B2: 1802 | C2: 1841 | D2: 1821.3956 | E2: 11.25833 | F2: 232.5 | G2: 1568.3956 | H2: 11.25833 | I2: 0.11547005
A3: 252 | B3: 1719 | C3: 1836 | D3: 1776.5371 | E3: 33.774991 | F3: 233.5 | G3: 1522.5371 | H3: 33.774991 | I3: 0.11547005
A4: 253 | B4: 1690 | C4: 1853 | D4: 1769.6243 | E4: 47.054047 | F4: 234.5 | G4: 1514.6243 | H4: 47.054047 | I4: 0.11547005
A5: 254 | B5: 1630 | C5: 1782 | D5: 1704.3063 | E5: 43.87862 | F5: 235.5 | G5: 1448.3063 | H5: 43.87862 | I5: 0.11547005
A6: 255 | B6: 1605 | C6: 1745 | D6: 1673.5367 | E6: 40.414519 | F6: 236.5 | G6: 1416.5367 | H6: 40.414519 | I6: 0.11547005
A7: 256 | B7: 1574 | C7: 1710 | D7: 1640.5914 | E7: 39.259818 | F7: 237.5 | G7: 1382.5914 | H7: 39.259818 | I7: 0.11547005
A8: 257 | B8: 1546 | C8: 1679 | D8: 1611.1282 | E8: 38.393793 | F8: 238.5 | G8: 1352.1282 | H8: 38.393793 | I8: 0.11547005
A9: 258 | B9: 1525 | C9: 1629 | D9: 1576.1424 | E9: 30.022214 | F9: 239.5 | G9: 1316.1424 | H9: 30.022214 | I9: 0.11547005
A10: 259 | B10: 1505 | C10: 1603 | D10: 1553.2273 | E10: 28.290163 | F10: 240.5 | G10: 1292.2273 | H10: 28.290163 | I10: 0.11547005
A11: 260 | B11: 1467 | C11: 1572 | D11: 1518.5928 | E11: 30.310889 | F11: 241.5 | G11: 1256.5928 | H11: 30.310889 | I11: 0.11547005
A12: 261 | B12: 1452 | C12: 1534 | D12: 1492.4369 | E12: 23.671361 | F12: 242.5 | G12: 1229.4369 | H12: 23.671361 | I12: 0.11547005
A13: 262 | B13: 1442 | C13: 1520 | D13: 1480.4864 | E13: 22.51666 | F13: 243.5 | G13: 1216.4864 | H13: 22.51666 | I13: 0.11547005
... A62: 330 | B62: 906 | C62: 915 | D62: 910.48888 | E62: 2.5980762 | F62: 311.5 | G62: 578.48888 | H62: 2.5980762 | I62: 0.11547005
A63: 335 | B63: 886 | D63: 886 | E63: 0.11547005 | F63: 316.5 | G63: 549 | H63: 0.11547005 | I63: 0.11547005
A64: 340 | B64: 871 | D64: 871 | E64: 0.11547005 | F64: 321.5 | G64: 529 | H64: 0.11547005 | I64: 0.11547005
A65: 345 | B65: 870 | D65: 870 | E65: 0.11547005 | F65: 326.5 | G65: 523 | H65: 0.11547005 | I65: 0.11547005
A66: 350 | B66: 864 | D66: 864 | E66: 0.11547005 | F66: 331.5 | G66: 512 | H66: 0.11547005 | I66: 0.11547005
A67: 355 | B67: 856 | D67: 856 | E67: 0.11547005 | F67: 336.5 | G67: 499 | H67: 0.11547005 | I67: 0.11547005
A68: 360 | B68: 851 | D68: 851 | E68: 0.11547005 | F68: 341.5 | G68: 489 | H68: 0.11547005 | I68: 0.11547005
A69: 365 | B69: 846 | D69: 846 | E69: 0.11547005 | F69: 346.5 | G69: 479 | H69: 0.11547005 | I69: 0.11547005
A70: 370 | B70: 840 | D70: 840 | E70: 0.11547005 | F70: 351.5 | G70: 468 | H70: 0.11547005 | I70: 0.11547005
A71: 375 | B71: 835 | D71: 835 | E71: 0.11547005 | F71: 356.5 | G71: 458 | H71: 0.11547005 | I71: 0.11547005
A72: 380 | B72: 833 | D72: 833 | E72: 0.11547005 | F72: 361.5 | G72: 451 | H72: 0.11547005 | I72: 0.11547005
A73: 385 | B73: 832 | D73: 832 | E73: 0.11547005 | F73: 366.5 | G73: 445 | H73: 0.11547005 | I73: 0.11547005
A74: 390 | B74: 828 | D74: 828 | E74: 0.11547005 | F74: 371.5 | G74: 436 | H74: 0.11547005 | I74: 0.11547005
... A117: 1650 | B117: 1882 | D117: 1882 | E117: 0.11547005 | F117: 1631.5 | G117: 223 | H117: 0.11547005 | I117: 0.11547005

Sheet Sheet2
A1: p | B1: q | C1: sigma_p | D1: sigma_q
A2: 232.5 | B2: 1568.3956 | C2: 0.11547005 | D2: 11.25833
A3: 233.5 | B3: 1522.5371 | C3: 0.11547005 | D3: 33.774991
A4: 234.5 | B4: 1514.6243 | C4: 0.11547005 | D4: 47.054047
A5: 235.5 | B5: 1448.3063 | C5: 0.11547005 | D5: 43.87862
A6: 236.5 | B6: 1416.5367 | C6: 0.11547005 | D6: 40.414519
A7: 237.5 | B7: 1382.5914 | C7: 0.11547005 | D7: 39.259818
A8: 238.5 | B8: 1352.1282 | C8: 0.11547005 | D8: 38.393793
A9: 239.5 | B9: 1316.1424 | C9: 0.11547005 | D9: 30.022214
A10: 240.5 | B10: 1292.2273 | C10: 0.11547005 | D10: 28.290163
A11: 241.5 | B11: 1256.5928 | C11: 0.11547005 | D11: 30.310889
A12: 242.5 | B12: 1229.4369 | C12: 0.11547005 | D12: 23.671361
A13: 243.5 | B13: 1216.4864 | C13: 0.11547005 | D13: 22.51666
... A117: 1631.5 | B117: 230 | C117: 0.11547005 | D117: 0.11547005
